ID_Siniestro,ID_Poliza,ID_Cobertura,ID_Region,Tipo_Vehiculo,Fecha_Ocurrencia,Fecha_Reporte,Fecha_Pago,Tipo_Siniestro,Monto_Reclamado,Monto_Pagado,Estado
SIN000001,POL00001,COB03,REG02,Compacto,2023-02-10,2023-02-16,2023-02-22,Responsabilidad Civil,50860.77,43532.94,Pagado
SIN000002,POL00002,COB01,REG05,Camioneta,2023-04-09,2023-04-23,2023-05-16,Robo Total,135455.87,125383.13,Pagado
SIN000003,POL00004,COB02,REG05,SUV,2023-02-11,2023-02-19,2023-03-24,Robo Total,233966.24,209755.36,Pagado
SIN000004,POL00005,COB01,REG04,Compacto,2024-06-11,2024-06-23,2024-08-09,Daños Materiales,49953.6,30160.82,Pagado
SIN000005,POL00007,COB02,REG02,Camioneta,2023-07-13,2023-08-04,2023-11-01,Daños Materiales,47057.05,34547.52,Pagado
SIN000006,POL00012,COB02,REG01,SUV,2023-04-01,2023-04-07,2023-04-17,Robo Total,125911.81,106145.12,Pagado
SIN000007,POL00018,COB01,REG05,Sedán,2024-03-16,2024-03-27,2024-04-29,Robo Total,606359.02,531670.36,Pagado
SIN000008,POL00029,COB02,REG02,Sedán,2023-04-05,2023-04-16,2023-06-17,Robo Total,228099.54,201876.09,Pagado
SIN000009,POL00050,COB01,REG03,SUV,2022-09-27,2022-10-03,2022-11-17,Daños a Terceros,8235.01,6666.09,Pagado
SIN000010,POL00059,COB01,REG02,Sedán,2023-02-10,2023-02-25,,Responsabilidad Civil,29195.91,0.0,Rechazado
SIN000011,POL00072,COB02,REG01,Camioneta,2024-08-30,2024-10-10,2024-12-12,Robo Total,185889.52,169420.45,Pagado
SIN000012,POL00074,COB01,REG02,SUV,2022-12-10,2022-12-15,2023-03-29,Daños a Terceros,46460.13,32912.96,Pagado
SIN000013,POL00077,COB01,REG01,Camioneta,2023-05-15,2023-06-02,2023-06-23,Daños Materiales,27351.93,18163.31,Pagado
SIN000014,POL00078,COB01,REG04,Compacto,2022-03-04,2022-03-10,2022-05-28,Responsabilidad Civil,61003.31,52599.95,Pagado
SIN000015,POL00081,COB01,REG03,Pickup,2024-06-09,2024-06-23,2024-07-07,Daños Materiales,11804.0,8843.03,Pagado
SIN000016,POL00098,COB01,REG03,Sedán,2022-04-16,2022-05-19,2022-07-04,Daños a Terceros,8302.74,7003.0,Pagado
SIN000017,POL00116,COB01,REG02,Compacto,2022-12-19,2023-01-31,2023-04-02,Daños Materiales,26203.51,21351.65,Pagado
SIN000018,POL00128,COB01,REG05,Camioneta,2024-03-28,2024-03-28,2024-04-02,Daños Materiales,22865.26,18244.41,Pagado
SIN000019,POL00132,COB01,REG03,Compacto,2023-02-14,2023-02-22,2023-03-15,Daños a Terceros,19231.74,12497.36,Pagado
SIN000020,POL00134,COB02,REG05,SUV,2023-05-13,2023-05-30,2023-06-26,Robo Total,284456.62,261435.01,Pagado
SIN000021,POL00141,COB01,REG05,Compacto,2022-05-31,2022-06-01,2022-06-02,Daños Materiales,59036.33,41279.11,Pagado
SIN000022,POL00150,COB02,REG02,Camioneta,2024-10-19,2024-10-21,,Robo Total,140997.27,0.0,Rechazado
SIN000023,POL00151,COB02,REG01,Compacto,2022-11-26,2023-02-08,2023-05-12,Robo Total,170092.59,153108.08,Pagado
SIN000024,POL00155,COB03,REG02,Sedán,2022-06-03,2022-06-16,2022-06-30,Responsabilidad Civil,52513.83,42357.05,Pagado
SIN000025,POL00185,COB01,REG05,SUV,2024-01-19,2024-02-07,2024-03-05,Daños Materiales,29281.57,17826.25,Pagado
SIN000026,POL00197,COB01,REG05,Compacto,2024-04-29,2024-05-06,2024-06-16,Robo Total,58737.36,49924.81,Pagado
SIN000027,POL00208,COB01,REG03,Sedán,2023-08-02,2023-08-03,2023-08-10,Daños a Terceros,13284.66,11430.51,Pagado
SIN000028,POL00223,COB02,REG01,Pickup,2022-06-26,2022-07-08,2022-08-21,Robo Total,181649.19,160730.78,Pagado
SIN000029,POL00224,COB01,REG02,Sedán,2023-05-30,2023-06-16,2023-07-05,Daños a Terceros,56061.08,41636.13,Pagado
SIN000030,POL00231,COB01,REG02,Sedán,2023-08-13,2023-08-25,2023-09-12,Daños a Terceros,14903.17,11151.15,Pagado
SIN000031,POL00232,COB01,REG02,Sedán,2023-08-07,2023-08-10,2023-08-21,Daños a Terceros,15628.44,10772.38,Pagado
SIN000032,POL00242,COB01,REG04,Sedán,2024-05-05,2024-05-25,2024-07-01,Daños Materiales,21503.37,14075.04,Pagado
SIN000033,POL00243,COB02,REG03,SUV,2022-08-15,2022-09-16,2022-12-03,Robo Total,154834.86,127491.35,Pagado
SIN000034,POL00246,COB02,REG01,Camioneta,2022-03-30,2022-04-12,2022-07-23,Robo Total,227345.08,202418.52,Pagado
SIN000035,POL00249,COB01,REG01,Pickup,2023-04-30,2023-05-13,2023-07-15,Daños a Terceros,13980.81,8654.34,Pagado
SIN000036,POL00259,COB02,REG01,Sedán,2022-12-29,2023-02-17,2023-05-16,Daños Materiales,19114.85,16861.89,Pagado
SIN000037,POL00265,COB03,REG03,SUV,2024-07-08,2024-07-08,2024-07-19,Responsabilidad Civil,38150.75,26167.73,Pagado
SIN000038,POL00271,COB01,REG01,Compacto,2023-06-25,2023-07-03,2023-07-30,Daños Materiales,21069.1,17147.56,Pagado
SIN000039,POL00273,COB02,REG02,Sedán,2023-12-22,2024-01-05,2024-02-04,Daños Materiales,24481.9,18864.78,Pagado
SIN000040,POL00282,COB01,REG05,Pickup,2024-05-25,2024-05-28,2024-06-13,Robo Total,127631.92,115826.71,Pagado
SIN000041,POL00290,COB01,REG05,SUV,2023-05-13,2023-05-13,2023-05-28,Responsabilidad Civil,25511.78,18011.94,Pagado
SIN000042,POL00295,COB01,REG05,SUV,2023-09-30,2023-10-02,2023-10-20,Responsabilidad Civil,45783.01,33933.2,Pagado
SIN000043,POL00297,COB02,REG04,Camioneta,2022-06-23,2022-07-10,2022-08-04,Daños Materiales,24094.38,18486.64,Pagado
SIN000044,POL00309,COB01,REG01,Sedán,2022-05-05,2022-05-19,2022-07-05,Daños Materiales,30518.32,21884.58,Pagado
SIN000045,POL00317,COB01,REG01,SUV,2024-02-23,2024-03-23,2024-06-20,Daños a Terceros,13143.22,8679.52,Pagado
SIN000046,POL00323,COB01,REG02,SUV,2024-08-01,2024-09-11,2024-11-02,Daños a Terceros,24573.76,20900.6,Pagado
SIN000047,POL00324,COB03,REG05,SUV,2023-08-07,2023-08-18,2023-10-12,Responsabilidad Civil,13455.89,11396.86,Pagado
SIN000048,POL00334,COB01,REG01,Sedán,2022-07-30,2022-08-04,2022-09-14,Daños Materiales,50557.22,39328.27,Pagado
SIN000049,POL00334,COB01,REG01,Sedán,2022-11-29,2022-12-07,2023-01-04,Robo Total,87726.33,77762.6,Pagado
SIN000050,POL00337,COB04,REG01,Compacto,2023-06-26,2023-07-09,2023-07-31,Robo Total,86648.7,71645.98,Pagado
SIN000051,POL00353,COB01,REG02,SUV,2023-11-17,2023-12-04,2023-12-22,Daños a Terceros,16384.76,12846.4,Pagado
SIN000052,POL00372,COB02,REG01,Pickup,2024-03-01,2024-03-16,2024-04-09,Daños Materiales,29234.43,19091.57,Pagado
SIN000053,POL00380,COB01,REG02,SUV,2023-01-26,2023-01-26,2023-03-02,Daños Materiales,16204.71,10015.61,Pagado
SIN000054,POL00380,COB01,REG02,SUV,2023-02-24,2023-04-03,2023-05-14,Robo Total,313805.32,289218.76,Pagado
SIN000055,POL00386,COB01,REG05,SUV,2022-05-29,2022-07-24,2022-09-24,Daños a Terceros,23524.2,17202.2,Pagado
SIN000056,POL00394,COB02,REG01,Camioneta,2022-09-03,2022-09-08,2022-09-19,Daños Materiales,22581.74,14543.25,Pagado
SIN000057,POL00395,COB01,REG02,Sedán,2023-08-24,2023-09-12,2023-10-12,Responsabilidad Civil,78628.3,47788.07,Pagado
SIN000058,POL00412,COB02,REG03,Sedán,2022-03-19,2022-04-06,2022-05-10,Robo Total,157262.42,141955.02,Pagado
SIN000059,POL00430,COB01,REG03,Pickup,2024-04-22,2024-05-24,2024-07-08,Responsabilidad Civil,57111.11,34388.42,Pagado
SIN000060,POL00431,COB01,REG03,Sedán,2023-05-16,2023-06-12,2023-07-09,Daños a Terceros,15427.61,13499.36,Pagado
SIN000061,POL00440,COB01,REG04,SUV,2022-11-30,2022-12-19,2023-01-26,Responsabilidad Civil,55475.69,43193.52,Pagado
SIN000062,POL00465,COB01,REG04,SUV,2023-02-02,2023-03-27,2023-08-30,Daños Materiales,9067.78,7177.72,Pagado
SIN000063,POL00467,COB01,REG01,SUV,2023-09-13,2023-09-15,2023-10-14,Daños a Terceros,32732.17,24144.27,Pagado
SIN000064,POL00469,COB01,REG01,SUV,2022-10-28,2022-11-06,2022-12-25,Responsabilidad Civil,56822.95,36611.61,Pagado
SIN000065,POL00481,COB01,REG01,SUV,2023-09-30,2023-11-06,2024-01-17,Daños a Terceros,13144.59,11230.27,Pagado
SIN000066,POL00490,COB03,REG03,Camioneta,2023-02-25,2023-03-09,2023-04-07,Daños a Terceros,43402.12,33659.35,Pagado
SIN000067,POL00496,COB01,REG02,Sedán,2023-02-22,2023-03-14,2023-05-03,Daños Materiales,29621.01,17959.65,Pagado
SIN000068,POL00496,COB01,REG02,Sedán,2022-10-10,2022-10-19,2022-10-29,Robo Total,89695.88,83960.85,Pagado
SIN000069,POL00503,COB01,REG04,Sedán,2023-05-11,2023-05-25,2023-06-13,Daños Materiales,20486.09,14506.89,Pagado
SIN000070,POL00505,COB02,REG02,Sedán,2022-10-24,2022-10-29,2022-11-04,Daños Materiales,25168.45,17944.45,Pagado
SIN000071,POL00509,COB01,REG01,SUV,2023-05-24,2023-06-11,2023-07-06,Robo Total,173654.33,158530.21,Pagado
SIN000072,POL00519,COB04,REG01,Sedán,2024-09-02,2024-09-02,2024-09-10,Robo Total,447010.68,417770.11,Pagado
SIN000073,POL00520,COB01,REG01,Sedán,2023-06-19,2023-07-16,2023-11-04,Daños Materiales,14969.14,9448.32,Pagado
SIN000074,POL00520,COB01,REG01,Sedán,2023-01-01,2023-01-21,2023-02-13,Robo Total,125443.54,117210.54,Pagado
SIN000075,POL00523,COB01,REG01,Compacto,2023-04-28,2023-06-01,2023-08-13,Responsabilidad Civil,76855.0,52425.23,Pagado
SIN000076,POL00528,COB01,REG01,Sedán,2022-06-22,2022-06-28,2022-07-28,Robo Total,84564.42,76979.84,Pagado
SIN000077,POL00531,COB01,REG02,Compacto,2023-02-16,2023-02-26,2023-04-09,Daños a Terceros,14835.17,10689.61,Pagado
SIN000078,POL00534,COB01,REG04,Camioneta,2024-05-26,2024-05-31,2024-06-07,Responsabilidad Civil,47615.09,30196.3,Pagado
SIN000079,POL00536,COB01,REG04,Sedán,2023-06-18,2023-06-21,2023-07-07,Daños a Terceros,22296.62,14400.44,Pagado
SIN000080,POL00555,COB01,REG05,Sedán,2022-12-09,2023-01-15,2023-02-25,Daños Materiales,14769.05,9853.66,Pagado
SIN000081,POL00556,COB03,REG04,Camioneta,2022-07-07,2022-07-13,,Responsabilidad Civil,40049.33,0.0,Rechazado
SIN000082,POL00557,COB02,REG03,SUV,2024-09-08,2024-09-21,2024-12-11,Robo Total,362041.91,329916.5,Pagado
SIN000083,POL00563,COB01,REG01,Compacto,2023-01-17,2023-01-22,2023-01-30,Daños Materiales,32706.86,19962.07,Pagado
SIN000084,POL00578,COB02,REG02,SUV,2023-05-19,2023-05-27,2023-06-10,Daños Materiales,44265.18,30925.49,Pagado
SIN000085,POL00580,COB01,REG02,Camioneta,2024-01-21,2024-01-28,2024-02-15,Daños a Terceros,24513.58,19456.86,Pagado
SIN000086,POL00583,COB01,REG04,Pickup,2024-08-29,2024-09-06,2024-09-14,Robo Total,133982.15,111444.27,Pagado
SIN000087,POL00588,COB02,REG01,Compacto,2024-05-06,2024-06-08,2024-07-25,Daños Materiales,19034.5,13274.91,Pagado
SIN000088,POL00593,COB02,REG02,SUV,2022-10-24,2022-11-08,2023-01-07,Daños Materiales,9470.18,7538.02,Pagado
SIN000089,POL00599,COB03,REG04,Compacto,2023-11-05,2023-11-29,2024-01-01,Responsabilidad Civil,64381.39,56552.62,Pagado
SIN000090,POL00606,COB03,REG01,Sedán,2024-01-16,2024-02-02,2024-03-13,Daños a Terceros,22724.76,16872.62,Pagado
SIN000091,POL00641,COB01,REG02,Sedán,2023-11-30,2023-12-01,2023-12-09,Responsabilidad Civil,54870.34,37761.98,Pagado
SIN000092,POL00643,COB01,REG01,SUV,2022-12-10,2022-12-10,2023-02-10,Responsabilidad Civil,60247.76,40459.5,Pagado
SIN000093,POL00650,COB01,REG01,SUV,2022-11-29,2022-12-03,2022-12-26,Daños Materiales,20203.91,14715.0,Pagado
SIN000094,POL00660,COB01,REG02,Sedán,2024-12-06,2024-12-09,,Daños Materiales,19400.34,0.0,En proceso
SIN000095,POL00679,COB01,REG01,SUV,2024-03-19,2024-03-30,2024-05-24,Daños Materiales,57597.48,38533.54,Pagado
SIN000096,POL00690,COB01,REG03,SUV,2022-12-21,2022-12-22,2022-12-24,Robo Total,282232.35,253306.95,Pagado
SIN000097,POL00701,COB01,REG01,Sedán,2022-07-23,2022-08-16,2022-09-17,Daños a Terceros,18607.31,14098.97,Pagado
SIN000098,POL00704,COB01,REG02,Compacto,2022-08-09,2022-08-20,2022-09-05,Robo Total,333142.3,288401.55,Pagado
SIN000099,POL00713,COB02,REG04,Compacto,2023-07-22,2023-07-27,2023-08-02,Daños Materiales,20894.63,14112.08,Pagado
SIN000100,POL00721,COB01,REG03,Compacto,2023-02-24,2023-02-28,2023-03-14,Daños a Terceros,26138.88,17730.79,Pagado
SIN000101,POL00721,COB01,REG03,Compacto,2023-02-03,2023-02-14,2023-05-15,Daños a Terceros,10498.62,7973.89,Pagado
SIN000102,POL00723,COB02,REG03,Sedán,2022-12-22,2022-12-25,2023-01-14,Robo Total,102179.55,93956.61,Pagado
SIN000103,POL00729,COB01,REG01,Compacto,2023-06-12,2023-06-15,,Daños Materiales,47100.58,0.0,Rechazado
SIN000104,POL00734,COB01,REG01,Sedán,2024-03-17,2024-03-17,2024-04-15,Daños a Terceros,18453.96,14718.48,Pagado
SIN000105,POL00734,COB01,REG01,Sedán,2023-10-27,2023-10-30,2023-12-22,Responsabilidad Civil,52320.59,33209.71,Pagado
SIN000106,POL00741,COB01,REG02,Sedán,2024-01-28,2024-02-17,2024-03-20,Daños Materiales,17534.14,15754.18,Pagado
SIN000107,POL00745,COB01,REG03,SUV,2023-10-27,2023-10-29,2023-12-17,Responsabilidad Civil,48748.3,36702.64,Pagado
SIN000108,POL00749,COB02,REG03,Compacto,2023-07-28,2023-08-05,2023-08-24,Robo Total,167647.02,150728.54,Pagado
SIN000109,POL00777,COB03,REG02,Sedán,2024-03-25,2024-04-17,2024-05-25,Daños a Terceros,34166.09,22299.44,Pagado
SIN000110,POL00789,COB01,REG05,SUV,2023-10-26,2023-11-11,2023-12-29,Responsabilidad Civil,127864.78,87066.11,Pagado
SIN000111,POL00790,COB01,REG01,Camioneta,2022-05-06,2022-05-08,2022-06-07,Daños Materiales,17153.5,12016.37,Pagado
SIN000112,POL00795,COB04,REG05,SUV,2022-11-13,2022-11-27,2023-01-01,Robo Total,83275.12,68932.51,Pagado
SIN000113,POL00797,COB02,REG01,Pickup,2022-04-24,2022-07-04,2022-09-18,Daños Materiales,77459.41,63133.55,Pagado
SIN000114,POL00806,COB02,REG01,SUV,2023-09-17,2023-09-23,2023-10-15,Daños Materiales,19011.95,14321.84,Pagado
SIN000115,POL00806,COB02,REG01,SUV,2024-01-10,2024-01-18,2024-01-30,Robo Total,140493.51,121883.75,Pagado
SIN000116,POL00813,COB01,REG02,SUV,2023-03-22,2023-04-28,2023-06-29,Robo Total,122218.45,98857.51,Pagado
SIN000117,POL00816,COB02,REG04,Camioneta,2022-03-30,2022-05-04,2022-06-15,Daños Materiales,33268.11,28598.74,Pagado
SIN000118,POL00821,COB02,REG02,Sedán,2023-01-16,2023-01-18,2023-01-21,Robo Total,179002.72,159233.53,Pagado
SIN000119,POL00830,COB03,REG02,Sedán,2024-03-23,2024-04-08,,Responsabilidad Civil,49705.41,0.0,Rechazado
SIN000120,POL00833,COB03,REG01,Sedán,2023-11-21,2023-11-22,2023-11-23,Daños a Terceros,7444.04,5136.33,Pagado
SIN000121,POL00838,COB03,REG03,Camioneta,2023-08-15,2023-09-03,2023-10-15,Responsabilidad Civil,63836.21,54101.05,Pagado
SIN000122,POL00839,COB01,REG01,Sedán,2024-01-19,2024-01-24,2024-05-05,Daños a Terceros,15927.96,14153.35,Pagado
SIN000123,POL00843,COB02,REG03,Pickup,2023-12-24,2023-12-25,2024-01-03,Robo Total,306544.81,258659.72,Pagado
SIN000124,POL00856,COB02,REG03,SUV,2023-08-15,2023-08-28,2023-09-21,Daños Materiales,14304.13,10353.54,Pagado
SIN000125,POL00877,COB01,REG01,Sedán,2023-01-15,2023-01-24,2023-02-22,Daños a Terceros,12293.27,10969.16,Pagado
SIN000126,POL00887,COB01,REG05,Compacto,2023-07-21,2023-08-08,2023-09-07,Responsabilidad Civil,46531.35,32991.66,Pagado
SIN000127,POL00896,COB03,REG01,Sedán,2022-08-03,2022-08-14,2022-10-07,Responsabilidad Civil,40438.93,33775.51,Pagado
SIN000128,POL00905,COB01,REG01,Sedán,2022-07-05,2022-07-26,2022-09-22,Daños a Terceros,10148.29,7907.1,Pagado
SIN000129,POL00905,COB01,REG01,Sedán,2022-11-15,2022-11-17,2022-11-22,Responsabilidad Civil,34623.42,21843.91,Pagado
SIN000130,POL00928,COB02,REG01,Camioneta,2023-07-02,2023-07-07,2023-08-02,Robo Total,146186.66,137560.02,Pagado
SIN000131,POL00952,COB01,REG03,Sedán,2023-04-16,2023-05-24,2023-08-07,Responsabilidad Civil,56281.33,49397.68,Pagado
SIN000132,POL00973,COB01,REG02,SUV,2023-12-30,2023-12-30,2024-02-25,Responsabilidad Civil,75677.52,45435.16,Pagado
SIN000133,POL00976,COB01,REG01,Camioneta,2022-11-15,2022-11-15,2022-11-15,Daños Materiales,23220.02,14652.05,Pagado
SIN000134,POL00984,COB01,REG01,SUV,2023-09-13,2023-09-25,2023-10-22,Daños a Terceros,60213.39,51404.86,Pagado
SIN000135,POL00991,COB01,REG01,Compacto,2022-12-19,2023-01-04,2023-04-09,Daños a Terceros,11788.3,8330.53,Pagado
SIN000136,POL00996,COB01,REG02,SUV,2022-06-19,2022-06-27,2022-07-16,Robo Total,165430.04,151475.86,Pagado
SIN000137,POL00999,COB01,REG05,Sedán,2023-03-05,2023-03-18,2023-04-13,Robo Total,177227.19,161027.61,Pagado
SIN000138,POL01004,COB02,REG03,Sedán,2022-10-20,2022-11-05,2023-01-01,Daños Materiales,34482.64,24458.06,Pagado
SIN000139,POL01006,COB02,REG01,Pickup,2022-12-16,2022-12-23,2022-12-31,Daños Materiales,24968.02,19593.1,Pagado
SIN000140,POL01010,COB01,REG03,Camioneta,2024-07-12,2024-07-19,2024-08-16,Robo Total,448160.61,372819.08,Pagado
SIN000141,POL01014,COB02,REG01,Compacto,2023-06-19,2023-07-07,2023-07-25,Robo Total,184029.23,173296.21,Pagado
SIN000142,POL01019,COB02,REG01,Sedán,2023-07-13,2023-07-14,2023-08-12,Daños Materiales,18071.18,14928.81,Pagado
SIN000143,POL01068,COB02,REG01,Sedán,2024-03-28,2024-04-11,,Robo Total,85329.98,0.0,Rechazado
SIN000144,POL01088,COB02,REG03,Compacto,2023-10-25,2023-11-10,2024-03-03,Robo Total,121385.4,107547.58,Pagado
SIN000145,POL01094,COB01,REG01,Sedán,2023-06-10,2023-07-10,2023-08-31,Daños Materiales,22181.12,17917.37,Pagado
SIN000146,POL01097,COB02,REG05,Camioneta,2023-10-11,2023-10-18,2023-11-23,Daños Materiales,29294.76,25489.93,Pagado
SIN000147,POL01102,COB01,REG03,Sedán,2023-04-11,2023-04-14,2023-04-24,Daños Materiales,26847.57,21715.63,Pagado
SIN000148,POL01107,COB01,REG03,Sedán,2023-04-30,2023-05-04,2023-07-14,Daños a Terceros,3961.65,2828.73,Pagado
SIN000149,POL01111,COB01,REG01,Sedán,2024-04-17,2024-04-29,2024-05-30,Robo Total,272704.8,238906.31,Pagado
SIN000150,POL01115,COB01,REG01,Camioneta,2023-07-17,2023-08-02,2023-08-19,Responsabilidad Civil,59578.88,43240.09,Pagado
SIN000151,POL01123,COB01,REG02,Pickup,2022-12-26,2022-12-30,2023-01-16,Daños Materiales,16936.5,12876.33,Pagado
SIN000152,POL01123,COB01,REG02,Pickup,2023-04-21,2023-04-30,2023-05-09,Responsabilidad Civil,79431.75,48104.33,Pagado
SIN000153,POL01128,COB01,REG02,SUV,2024-02-10,2024-02-21,2024-03-09,Daños Materiales,20403.77,16079.97,Pagado
SIN000154,POL01131,COB01,REG02,Sedán,2022-04-09,2022-04-11,2022-04-25,Responsabilidad Civil,141923.37,94039.34,Pagado
SIN000155,POL01137,COB01,REG01,Compacto,2022-04-21,2022-05-02,2022-05-27,Daños Materiales,28161.74,24077.63,Pagado
SIN000156,POL01145,COB01,REG01,Sedán,2022-09-29,2022-10-02,2022-11-04,Daños a Terceros,23279.55,15045.59,Pagado
SIN000157,POL01165,COB01,REG01,SUV,2024-12-19,2024-12-24,,Robo Total,131759.99,0.0,En proceso
SIN000158,POL01171,COB02,REG03,Camioneta,2022-10-15,2022-11-12,2022-12-16,Daños Materiales,11891.94,8588.26,Pagado
SIN000159,POL01173,COB01,REG03,Sedán,2024-04-08,2024-04-09,2024-05-16,Responsabilidad Civil,101888.76,80766.2,Pagado
SIN000160,POL01173,COB01,REG03,Sedán,2024-05-30,2024-07-21,2024-10-03,Daños a Terceros,17614.15,14574.55,Pagado
SIN000161,POL01173,COB01,REG03,Sedán,2023-11-08,2023-11-16,2023-12-13,Daños Materiales,25525.33,16015.71,Pagado
SIN000162,POL01175,COB02,REG01,Camioneta,2023-04-04,2023-04-08,2023-04-25,Daños Materiales,20438.95,13934.35,Pagado
SIN000163,POL01183,COB01,REG03,SUV,2023-02-16,2023-03-01,2023-04-02,Responsabilidad Civil,24347.75,16395.13,Pagado
SIN000164,POL01192,COB01,REG01,Sedán,2024-07-15,2024-07-19,2024-08-29,Robo Total,198417.56,161741.74,Pagado
SIN000165,POL01193,COB01,REG01,Sedán,2024-12-02,2024-12-11,,Daños Materiales,19372.68,0.0,En proceso
SIN000166,POL01198,COB01,REG03,Camioneta,2022-10-23,2022-10-27,,Robo Total,92123.65,0.0,Rechazado
SIN000167,POL01201,COB01,REG05,Camioneta,2024-04-05,2024-05-07,2024-06-13,Responsabilidad Civil,50641.2,30661.81,Pagado
SIN000168,POL01201,COB01,REG05,Camioneta,2023-07-19,2023-07-29,2023-10-03,Responsabilidad Civil,22089.07,15327.82,Pagado
SIN000169,POL01204,COB02,REG05,Compacto,2023-06-16,2023-06-26,2023-07-14,Daños Materiales,27092.51,17492.83,Pagado
SIN000170,POL01223,COB01,REG03,SUV,2023-09-21,2023-10-14,2024-01-02,Robo Total,168908.14,144344.91,Pagado
SIN000171,POL01225,COB02,REG03,Compacto,2024-10-04,2024-10-08,2024-12-02,Robo Total,202838.96,190316.02,Pagado
SIN000172,POL01231,COB02,REG01,SUV,2022-10-02,2022-11-02,2022-12-07,Robo Total,314386.15,295820.75,Pagado
SIN000173,POL01233,COB01,REG01,Sedán,2023-06-18,2023-07-10,2023-08-19,Responsabilidad Civil,85347.09,69800.99,Pagado
SIN000174,POL01236,COB01,REG05,Compacto,2024-02-10,2024-02-29,,Daños Materiales,23452.07,0.0,Rechazado
SIN000175,POL01236,COB01,REG05,Compacto,2024-04-21,2024-05-05,2024-05-22,Robo Total,226119.05,198950.47,Pagado
SIN000176,POL01243,COB01,REG03,Camioneta,2022-07-10,2022-07-26,2022-08-17,Responsabilidad Civil,16549.99,10568.99,Pagado
SIN000177,POL01249,COB02,REG02,Pickup,2023-01-12,2023-01-18,2023-02-03,Daños Materiales,41194.72,30285.3,Pagado
SIN000178,POL01263,COB02,REG02,Sedán,2022-03-20,2022-03-21,2022-04-28,Daños Materiales,35599.71,31032.12,Pagado
SIN000179,POL01277,COB01,REG05,Compacto,2022-04-18,2022-06-03,2022-07-24,Daños Materiales,59310.43,44550.5,Pagado
SIN000180,POL01282,COB01,REG03,Sedán,2022-10-22,2022-10-26,2022-12-06,Robo Total,416088.73,338118.09,Pagado
SIN000181,POL01288,COB02,REG01,Sedán,2023-05-19,2023-07-12,2023-10-29,Robo Total,33785.83,29060.53,Pagado
SIN000182,POL01289,COB01,REG02,Compacto,2023-08-12,2023-08-18,2023-09-20,Responsabilidad Civil,59402.21,37400.44,Pagado
SIN000183,POL01290,COB01,REG03,Sedán,2024-05-31,2024-06-12,2024-08-08,Daños a Terceros,19623.94,12945.03,Pagado
SIN000184,POL01291,COB01,REG02,Pickup,2024-01-24,2024-02-09,2024-03-04,Daños Materiales,20942.27,13219.24,Pagado
SIN000185,POL01292,COB02,REG01,Sedán,2023-11-17,2023-11-25,2023-12-13,Robo Total,206717.65,194539.76,Pagado
SIN000186,POL01304,COB01,REG01,Compacto,2023-06-23,2023-07-03,2023-07-25,Daños Materiales,37647.19,24457.13,Pagado
SIN000187,POL01314,COB01,REG01,Compacto,2023-09-12,2023-09-12,2023-09-12,Robo Total,161638.0,148322.32,Pagado
SIN000188,POL01328,COB01,REG01,SUV,2023-08-13,2023-08-23,2023-09-17,Daños Materiales,43720.91,36499.82,Pagado
SIN000189,POL01331,COB01,REG02,Sedán,2024-04-03,2024-04-07,2024-04-20,Daños Materiales,60109.13,36347.8,Pagado
SIN000190,POL01345,COB01,REG01,Compacto,2023-11-07,2023-11-27,2024-02-07,Daños a Terceros,23754.86,18926.44,Pagado
SIN000191,POL01346,COB03,REG01,Compacto,2022-06-01,2022-06-06,2022-06-14,Daños a Terceros,28425.29,23551.62,Pagado
SIN000192,POL01347,COB01,REG02,Camioneta,2022-06-04,2022-06-10,2022-06-19,Daños Materiales,40277.79,34205.18,Pagado
SIN000193,POL01348,COB01,REG03,Camioneta,2022-07-16,2022-07-26,2022-09-07,Responsabilidad Civil,39040.18,27088.89,Pagado
SIN000194,POL01352,COB01,REG02,Compacto,2023-08-21,2023-08-28,2023-09-24,Robo Total,551323.77,448126.71,Pagado
SIN000195,POL01352,COB01,REG02,Compacto,2024-03-16,2024-03-19,2024-04-17,Robo Total,250599.55,237469.79,Pagado
SIN000196,POL01398,COB01,REG03,Sedán,2023-10-05,2023-10-11,2023-11-15,Daños Materiales,51685.69,32992.61,Pagado
SIN000197,POL01399,COB02,REG04,Compacto,2024-01-26,2024-02-01,2024-03-21,Robo Total,132347.33,109534.41,Pagado
SIN000198,POL01407,COB01,REG02,SUV,2024-01-15,2024-01-20,2024-02-14,Robo Total,162367.16,135322.28,Pagado
SIN000199,POL01410,COB01,REG05,Sedán,2023-05-08,2023-05-26,2023-07-03,Daños a Terceros,12859.35,9780.0,Pagado
SIN000200,POL01433,COB02,REG01,Sedán,2023-02-14,2023-02-15,2023-02-18,Daños Materiales,27856.08,23286.28,Pagado
SIN000201,POL01438,COB03,REG05,Sedán,2024-07-26,2024-07-29,2024-08-10,Daños a Terceros,6431.74,4067.91,Pagado
SIN000202,POL01443,COB01,REG03,Camioneta,2024-02-15,2024-02-26,2024-04-13,Daños Materiales,71905.01,61320.74,Pagado
SIN000203,POL01444,COB03,REG01,Camioneta,2023-08-05,2023-08-05,2023-09-05,Daños a Terceros,17579.15,13635.62,Pagado
SIN000204,POL01444,COB03,REG01,Camioneta,2023-08-28,2023-09-17,2023-10-20,Daños a Terceros,17245.36,13353.21,Pagado
SIN000205,POL01446,COB02,REG03,Camioneta,2023-12-15,2023-12-21,2023-12-27,Robo Total,124592.7,109228.6,Pagado
SIN000206,POL01464,COB01,REG04,Compacto,2024-01-20,2024-01-27,,Responsabilidad Civil,33372.37,0.0,Rechazado
SIN000207,POL01464,COB01,REG04,Compacto,2024-10-30,2024-11-01,2024-11-18,Daños Materiales,45901.92,32368.38,Pagado
SIN000208,POL01467,COB02,REG01,Compacto,2024-06-09,2024-06-11,2024-06-13,Robo Total,157205.82,136775.88,Pagado
SIN000209,POL01472,COB01,REG04,Sedán,2023-01-11,2023-02-12,2023-03-28,Responsabilidad Civil,30999.33,25375.4,Pagado
SIN000210,POL01481,COB01,REG01,Sedán,2023-04-10,2023-04-22,2023-05-12,Daños Materiales,5985.2,3663.8,Pagado
SIN000211,POL01483,COB01,REG04,Camioneta,2022-11-17,2022-11-19,2022-12-02,Daños Materiales,38103.55,30388.64,Pagado
SIN000212,POL01489,COB01,REG04,SUV,2023-05-18,2023-05-18,2023-05-28,Responsabilidad Civil,22185.35,19909.02,Pagado
SIN000213,POL01490,COB01,REG03,SUV,2023-09-25,2023-10-01,2023-10-10,Daños a Terceros,64600.88,40605.53,Pagado
SIN000214,POL01505,COB01,REG02,Camioneta,2023-09-27,2023-10-11,2023-11-28,Daños Materiales,25642.16,22914.56,Pagado
SIN000215,POL01509,COB01,REG02,Sedán,2023-10-05,2023-11-10,2024-01-08,Responsabilidad Civil,37883.06,24501.25,Pagado
SIN000216,POL01521,COB01,REG01,Sedán,2023-04-12,2023-04-20,2023-05-03,Robo Total,287941.62,252960.53,Pagado
SIN000217,POL01521,COB01,REG01,Sedán,2023-06-07,2023-06-16,2023-06-30,Daños a Terceros,15418.6,10503.14,Pagado
SIN000218,POL01529,COB02,REG05,SUV,2024-10-22,2024-11-02,2024-12-22,Daños Materiales,20776.05,12955.27,Pagado
SIN000219,POL01543,COB01,REG04,Sedán,2023-03-29,2023-04-04,2023-04-21,Daños Materiales,32920.35,20843.36,Pagado
SIN000220,POL01559,COB01,REG03,Compacto,2023-04-18,2023-04-26,2023-05-06,Daños a Terceros,26475.24,16285.3,Pagado
SIN000221,POL01566,COB01,REG04,SUV,2023-11-09,2023-11-22,2024-01-30,Responsabilidad Civil,73089.54,61081.36,Pagado
SIN000222,POL01584,COB01,REG01,Sedán,2022-10-02,2022-10-06,2022-10-25,Robo Total,268277.11,221801.25,Pagado
SIN000223,POL01593,COB02,REG01,SUV,2023-11-11,2023-11-11,2023-11-12,Daños Materiales,22117.65,14518.43,Pagado
SIN000224,POL01619,COB03,REG01,Compacto,2023-07-26,2023-08-11,2023-09-21,Responsabilidad Civil,34648.3,29614.53,Pagado
SIN000225,POL01626,COB01,REG04,Camioneta,2023-12-04,2023-12-14,2024-02-28,Robo Total,165819.66,137487.9,Pagado
SIN000226,POL01627,COB01,REG01,Camioneta,2023-11-18,2023-12-30,2024-02-25,Daños Materiales,46580.34,29045.6,Pagado
SIN000227,POL01640,COB01,REG01,Compacto,2022-06-23,2022-06-30,2022-07-31,Daños Materiales,17860.21,12503.3,Pagado
SIN000228,POL01650,COB01,REG04,SUV,2024-03-22,2024-03-27,2024-04-16,Robo Total,132785.22,119902.13,Pagado
SIN000229,POL01657,COB01,REG01,Sedán,2023-10-04,2023-10-11,2023-12-12,Daños Materiales,42147.04,30407.51,Pagado
SIN000230,POL01668,COB02,REG03,Compacto,2024-06-24,2024-07-01,2024-07-27,Robo Total,212852.37,170554.2,Pagado
SIN000231,POL01676,COB02,REG05,Sedán,2023-08-07,2023-09-05,2023-10-25,Robo Total,280284.07,247586.86,Pagado
SIN000232,POL01679,COB01,REG03,Compacto,2023-07-21,2023-07-28,2023-09-30,Responsabilidad Civil,45088.4,37038.11,Pagado
SIN000233,POL01692,COB01,REG03,SUV,2024-05-09,2024-06-01,,Daños a Terceros,39107.85,0.0,Rechazado
SIN000234,POL01693,COB02,REG01,Sedán,2022-12-06,2022-12-27,2023-02-01,Daños Materiales,43639.93,31652.61,Pagado
SIN000235,POL01698,COB01,REG03,Pickup,2024-01-24,2024-03-04,2024-05-01,Daños a Terceros,29054.88,23445.98,Pagado
SIN000236,POL01704,COB01,REG03,Compacto,2023-12-12,2023-12-22,2024-03-10,Daños Materiales,19880.96,13857.45,Pagado
SIN000237,POL01708,COB02,REG05,Compacto,2022-08-26,2022-09-01,2022-10-03,Daños Materiales,41541.94,32604.73,Pagado
SIN000238,POL01716,COB02,REG01,SUV,2023-03-06,2023-03-13,2023-03-21,Daños Materiales,14365.65,10415.51,Pagado
SIN000239,POL01734,COB01,REG05,Compacto,2023-01-08,2023-01-31,2023-03-21,Daños Materiales,59146.83,39466.92,Pagado
SIN000240,POL01737,COB01,REG01,Compacto,2023-12-03,2023-12-09,2024-01-29,Responsabilidad Civil,60467.41,48344.85,Pagado
SIN000241,POL01740,COB01,REG04,Sedán,2023-12-01,2024-01-27,2024-04-14,Responsabilidad Civil,30497.92,23324.85,Pagado
SIN000242,POL01744,COB01,REG04,Sedán,2023-06-07,2023-06-25,2023-08-22,Robo Total,215188.9,199703.6,Pagado
SIN000243,POL01759,COB01,REG01,Sedán,2023-11-06,2023-11-11,2023-12-02,Responsabilidad Civil,42042.23,37515.46,Pagado
SIN000244,POL01778,COB01,REG03,SUV,2023-05-14,2023-05-25,2023-06-07,Daños Materiales,15447.06,11528.88,Pagado
SIN000245,POL01788,COB01,REG05,Pickup,2024-04-12,2024-04-17,2024-07-14,Daños a Terceros,18463.06,13559.97,Pagado
SIN000246,POL01794,COB01,REG01,Compacto,2023-10-29,2023-10-29,2023-10-31,Robo Total,196041.63,185350.44,Pagado
SIN000247,POL01807,COB02,REG02,Camioneta,2022-11-09,2022-11-26,2022-12-22,Robo Total,175920.41,166122.3,Pagado
SIN000248,POL01824,COB01,REG01,Sedán,2023-09-07,2023-09-28,2023-10-21,Daños a Terceros,16182.04,11288.59,Pagado
SIN000249,POL01825,COB01,REG01,Compacto,2024-05-03,2024-05-06,,Robo Total,178490.15,0.0,Rechazado
SIN000250,POL01834,COB01,REG03,Compacto,2023-11-26,2023-11-29,2024-01-08,Daños Materiales,36526.23,22400.01,Pagado
SIN000251,POL01834,COB01,REG03,Compacto,2023-10-18,2023-10-25,2023-11-08,Daños a Terceros,7582.71,6585.3,Pagado
SIN000252,POL01835,COB03,REG01,Pickup,2023-10-23,2023-10-24,2023-11-20,Daños a Terceros,13132.72,10362.31,Pagado
SIN000253,POL01841,COB02,REG01,Camioneta,2022-11-13,2022-11-21,2023-01-02,Daños Materiales,31799.67,27697.87,Pagado
SIN000254,POL01843,COB04,REG03,SUV,2023-11-04,2023-11-09,2023-12-09,Robo Total,141500.77,117385.08,Pagado
SIN000255,POL01847,COB02,REG01,Compacto,2022-02-27,2022-03-12,2022-04-22,Robo Total,153889.58,146051.89,Pagado
SIN000256,POL01848,COB01,REG03,Camioneta,2023-11-07,2023-11-28,2023-12-26,Responsabilidad Civil,95990.68,62767.95,Pagado
SIN000257,POL01855,COB02,REG04,Sedán,2022-09-15,2022-10-27,2023-01-04,Daños Materiales,19952.53,14399.53,Pagado
SIN000258,POL01855,COB02,REG04,Sedán,2023-03-03,2023-03-24,2023-06-06,Daños Materiales,46421.48,36529.21,Pagado
SIN000259,POL01857,COB02,REG05,Sedán,2024-05-22,2024-05-28,2024-06-15,Robo Total,481064.46,390598.65,Pagado
SIN000260,POL01858,COB01,REG01,Camioneta,2023-05-17,2023-08-02,2023-11-04,Daños a Terceros,38703.51,29272.53,Pagado
SIN000261,POL01878,COB01,REG01,SUV,2023-11-14,2023-11-19,2023-12-04,Robo Total,95506.44,81792.28,Pagado
SIN000262,POL01894,COB01,REG03,Camioneta,2023-10-09,2023-10-09,,Daños a Terceros,9809.66,0.0,Rechazado
SIN000263,POL01905,COB01,REG01,Pickup,2023-03-24,2023-06-02,2023-08-11,Daños Materiales,29415.54,24084.33,Pagado
SIN000264,POL01908,COB01,REG04,Sedán,2024-05-25,2024-06-22,2024-08-22,Daños Materiales,99337.6,81991.18,Pagado
SIN000265,POL01928,COB01,REG01,Compacto,2023-01-16,2023-01-19,2023-02-06,Daños a Terceros,21798.35,16888.16,Pagado
SIN000266,POL01947,COB01,REG03,Compacto,2023-01-08,2023-01-20,2023-03-16,Responsabilidad Civil,43701.78,33776.22,Pagado
SIN000267,POL01953,COB02,REG01,Camioneta,2022-12-10,2023-01-02,2023-02-12,Daños Materiales,32818.04,25397.31,Pagado
SIN000268,POL01954,COB01,REG02,Sedán,2022-05-29,2022-05-29,2022-05-31,Daños a Terceros,15681.65,10535.25,Pagado
SIN000269,POL01961,COB01,REG02,Sedán,2022-06-06,2022-06-27,2022-08-09,Daños Materiales,116388.57,73566.37,Pagado
SIN000270,POL01978,COB01,REG03,Compacto,2023-03-08,2023-03-13,2023-04-01,Daños a Terceros,12639.88,9022.69,Pagado
SIN000271,POL01979,COB02,REG05,Sedán,2023-11-03,2023-12-20,2024-03-15,Daños Materiales,32707.81,21990.48,Pagado
SIN000272,POL01982,COB03,REG03,SUV,2023-09-21,2023-10-14,,Responsabilidad Civil,29869.46,0.0,Rechazado
SIN000273,POL01996,COB01,REG01,SUV,2023-07-10,2023-07-30,2023-08-26,Daños Materiales,26073.34,21590.37,Pagado
SIN000274,POL02002,COB01,REG01,SUV,2022-11-26,2022-12-02,2022-12-22,Daños Materiales,32389.21,21070.44,Pagado
SIN000275,POL02013,COB01,REG03,Pickup,2024-03-08,2024-03-25,2024-04-11,Daños a Terceros,6106.2,3985.72,Pagado
SIN000276,POL02020,COB01,REG04,Sedán,2022-05-13,2022-05-16,2022-07-29,Responsabilidad Civil,74508.15,48039.89,Pagado
SIN000277,POL02036,COB01,REG05,Compacto,2023-01-08,2023-01-15,2023-01-25,Daños Materiales,16743.82,14978.69,Pagado
SIN000278,POL02037,COB01,REG04,SUV,2024-01-30,2024-01-30,2024-02-11,Responsabilidad Civil,28418.57,21042.66,Pagado
SIN000279,POL02039,COB01,REG03,Pickup,2023-09-07,2023-09-24,2023-11-06,Daños Materiales,32366.42,24701.87,Pagado
SIN000280,POL02044,COB02,REG05,Sedán,2024-02-13,2024-03-01,2024-03-21,Robo Total,86389.89,76881.48,Pagado
SIN000281,POL02048,COB01,REG05,Compacto,2022-09-26,2022-09-30,2022-10-11,Robo Total,333925.35,288003.31,Pagado
SIN000282,POL02061,COB04,REG01,Sedán,2022-11-13,2022-11-20,2022-11-27,Robo Total,175307.7,161721.3,Pagado
SIN000283,POL02066,COB04,REG01,Sedán,2024-05-12,2024-05-26,2024-06-13,Robo Total,108741.64,98497.19,Pagado
SIN000284,POL02081,COB01,REG01,Compacto,2022-10-09,2022-11-07,2023-01-20,Robo Total,69699.45,63987.84,Pagado
SIN000285,POL02084,COB01,REG03,SUV,2023-06-15,2023-07-01,2023-07-17,Daños Materiales,14288.59,9441.03,Pagado
SIN000286,POL02092,COB02,REG04,Compacto,2023-03-28,2023-03-29,2023-04-12,Robo Total,96889.53,87207.72,Pagado
SIN000287,POL02102,COB01,REG01,Compacto,2024-01-12,2024-03-19,2024-05-27,Daños Materiales,27706.8,19134.77,Pagado
SIN000288,POL02106,COB01,REG04,Sedán,2024-03-22,2024-03-25,2024-03-28,Daños Materiales,22824.9,14669.22,Pagado
SIN000289,POL02118,COB01,REG02,SUV,2024-01-27,2024-02-06,2024-02-18,Daños a Terceros,11009.17,7177.44,Pagado
SIN000290,POL02128,COB01,REG02,SUV,2024-01-11,2024-01-13,2024-02-07,Daños a Terceros,32630.36,21363.7,Pagado
SIN000291,POL02130,COB03,REG03,Compacto,2023-01-18,2023-02-08,2023-03-04,Responsabilidad Civil,73282.58,50550.82,Pagado
SIN000292,POL02131,COB01,REG02,Compacto,2022-08-29,2022-08-31,2022-09-09,Daños a Terceros,19307.31,12297.88,Pagado
SIN000293,POL02134,COB01,REG04,Pickup,2023-05-16,2023-06-11,2023-09-04,Responsabilidad Civil,136690.86,91816.7,Pagado
SIN000294,POL02141,COB02,REG02,Compacto,2023-02-06,2023-02-25,,Daños Materiales,26248.95,0.0,Rechazado
SIN000295,POL02151,COB01,REG03,Compacto,2023-03-29,2023-03-31,2023-04-10,Robo Total,273219.73,249824.98,Pagado
SIN000296,POL02159,COB01,REG01,SUV,2022-08-24,2022-09-03,2022-11-05,Responsabilidad Civil,45075.34,33902.43,Pagado
SIN000297,POL02171,COB01,REG02,Camioneta,2022-05-20,2022-06-03,2022-07-31,Robo Total,230586.75,184870.71,Pagado
SIN000298,POL02172,COB02,REG02,Compacto,2023-09-14,2023-09-17,2023-09-29,Robo Total,219328.1,186734.96,Pagado
SIN000299,POL02176,COB01,REG01,Pickup,2023-05-30,2023-07-09,2023-08-22,Daños a Terceros,10125.73,8676.1,Pagado
SIN000300,POL02176,COB01,REG01,Pickup,2023-05-23,2023-05-27,2023-08-21,Daños a Terceros,13130.31,11522.39,Pagado
SIN000301,POL02182,COB02,REG01,Camioneta,2023-05-08,2023-06-09,2023-08-29,Daños Materiales,30553.37,25610.01,Pagado
SIN000302,POL02186,COB01,REG04,Sedán,2024-02-24,2024-03-04,2024-06-09,Responsabilidad Civil,70113.91,53011.14,Pagado
SIN000303,POL02188,COB01,REG01,SUV,2023-09-30,2023-10-31,2023-12-25,Daños a Terceros,25000.31,16036.07,Pagado
SIN000304,POL02204,COB02,REG04,Pickup,2022-10-04,2022-11-01,2022-12-06,Robo Total,212552.17,201625.68,Pagado
SIN000305,POL02220,COB01,REG03,Sedán,2022-12-22,2022-12-23,2023-03-27,Daños Materiales,17963.22,15931.34,Pagado
SIN000306,POL02224,COB02,REG02,Camioneta,2024-05-01,2024-05-01,2024-05-01,Daños Materiales,39172.77,34951.17,Pagado
SIN000307,POL02234,COB01,REG05,Compacto,2023-11-20,2024-01-07,2024-03-18,Daños Materiales,8394.53,7068.6,Pagado
SIN000308,POL02234,COB01,REG05,Compacto,2024-03-07,2024-03-28,2024-05-02,Robo Total,113277.0,107476.58,Pagado
SIN000309,POL02245,COB01,REG04,Camioneta,2022-08-13,2022-08-19,2022-08-30,Robo Total,132540.99,119950.84,Pagado
SIN000310,POL02246,COB03,REG03,SUV,2022-06-05,2022-06-18,2022-07-21,Responsabilidad Civil,33010.79,22904.93,Pagado
SIN000311,POL02248,COB02,REG02,Sedán,2022-09-08,2022-09-11,2022-10-24,Daños Materiales,19871.9,14532.39,Pagado
SIN000312,POL02250,COB01,REG02,Sedán,2023-06-30,2023-07-11,2023-07-25,Robo Total,60711.21,55157.73,Pagado
SIN000313,POL02255,COB03,REG02,SUV,2023-02-19,2023-02-19,2023-04-04,Responsabilidad Civil,40214.72,30421.76,Pagado
SIN000314,POL02263,COB01,REG02,Pickup,2023-01-27,2023-02-05,2023-04-30,Robo Total,116615.35,99238.6,Pagado
SIN000315,POL02263,COB01,REG02,Pickup,2023-06-28,2023-08-03,2023-10-03,Daños Materiales,15080.76,13387.88,Pagado
SIN000316,POL02268,COB01,REG01,SUV,2023-09-21,2023-10-25,2023-12-01,Daños Materiales,13775.41,10391.8,Pagado
SIN000317,POL02272,COB02,REG03,Pickup,2023-04-17,2023-04-23,2023-05-17,Daños Materiales,16206.06,11556.15,Pagado
SIN000318,POL02272,COB02,REG03,Pickup,2022-05-30,2022-06-02,2022-08-16,Robo Total,190978.01,180450.67,Pagado
SIN000319,POL02287,COB01,REG02,SUV,2023-10-16,2023-11-02,2023-11-22,Robo Total,106829.9,90642.72,Pagado
SIN000320,POL02302,COB01,REG01,Pickup,2023-07-14,2023-07-26,2023-10-13,Robo Total,519524.98,482057.18,Pagado
SIN000321,POL02303,COB02,REG03,Sedán,2024-02-16,2024-02-26,2024-03-21,Robo Total,71475.75,65207.33,Pagado
SIN000322,POL02310,COB01,REG02,Sedán,2022-10-06,2022-10-29,2023-01-14,Robo Total,143471.54,125232.56,Pagado
SIN000323,POL02314,COB01,REG04,Compacto,2023-04-07,2023-04-10,2023-05-29,Daños a Terceros,30751.13,26930.84,Pagado
SIN000324,POL02314,COB01,REG04,Compacto,2022-12-30,2023-01-07,2023-02-12,Responsabilidad Civil,133873.85,83401.67,Pagado
SIN000325,POL02326,COB02,REG03,SUV,2023-11-13,2023-12-10,2024-03-30,Daños Materiales,56703.47,42932.15,Pagado
SIN000326,POL02329,COB01,REG02,Compacto,2023-07-28,2023-08-06,2023-08-23,Responsabilidad Civil,18938.34,14102.5,Pagado
SIN000327,POL02348,COB01,REG03,Sedán,2023-11-30,2023-11-30,2023-12-05,Robo Total,63565.72,55610.9,Pagado
SIN000328,POL02349,COB01,REG02,Camioneta,2023-04-06,2023-04-16,2023-05-03,Responsabilidad Civil,54321.11,33651.09,Pagado
SIN000329,POL02354,COB02,REG05,Sedán,2023-08-23,2023-09-16,2023-10-19,Daños Materiales,19174.69,14211.27,Pagado
SIN000330,POL02354,COB02,REG05,Sedán,2023-10-10,2023-10-10,2023-10-26,Robo Total,84955.32,73558.85,Pagado
SIN000331,POL02363,COB01,REG01,Compacto,2022-07-22,2022-07-24,2022-09-05,Robo Total,203094.64,174215.91,Pagado
SIN000332,POL02376,COB03,REG03,Pickup,2022-10-22,2022-11-12,2022-12-31,Responsabilidad Civil,38463.47,34041.78,Pagado
SIN000333,POL02387,COB02,REG03,Compacto,2023-06-14,2023-08-03,2023-09-22,Daños Materiales,52853.83,44607.47,Pagado
SIN000334,POL02396,COB01,REG01,Compacto,2024-01-18,2024-01-30,2024-02-28,Robo Total,97685.66,88496.91,Pagado
SIN000335,POL02418,COB01,REG01,SUV,2023-02-20,2023-03-06,2023-05-23,Robo Total,195567.16,174457.26,Pagado
SIN000336,POL02420,COB01,REG01,Sedán,2023-07-09,2023-08-02,2023-08-28,Robo Total,190206.14,163630.93,Pagado
SIN000337,POL02430,COB02,REG02,Sedán,2023-05-30,2023-06-09,2023-06-29,Daños Materiales,17707.13,10845.69,Pagado
SIN000338,POL02430,COB02,REG02,Sedán,2023-05-21,2023-05-21,2023-07-13,Robo Total,159657.23,146566.74,Pagado
SIN000339,POL02439,COB01,REG03,Compacto,2023-09-21,2023-09-21,2023-09-26,Robo Total,222343.9,204287.11,Pagado
SIN000340,POL02452,COB02,REG01,Sedán,2022-05-12,2022-05-17,2022-06-10,Daños Materiales,18689.45,16699.48,Pagado
SIN000341,POL02459,COB01,REG03,Sedán,2023-01-11,2023-01-21,,Robo Total,144241.72,0.0,Rechazado
SIN000342,POL02465,COB02,REG01,Sedán,2022-06-11,2022-07-15,2022-09-10,Daños Materiales,10409.08,6628.99,Pagado
SIN000343,POL02485,COB02,REG01,SUV,2023-08-11,2023-08-16,2023-08-27,Robo Total,188114.24,152859.46,Pagado
SIN000344,POL02486,COB02,REG01,Pickup,2023-11-19,2023-11-22,2023-11-25,Daños Materiales,36226.01,23934.37,Pagado
SIN000345,POL02497,COB02,REG02,Sedán,2023-03-03,2023-03-15,2023-03-29,Robo Total,82928.86,77823.16,Pagado
SIN000346,POL02521,COB01,REG05,Sedán,2024-02-14,2024-03-03,2024-04-10,Daños a Terceros,6062.76,5176.7,Pagado
SIN000347,POL02538,COB01,REG02,Camioneta,2022-07-11,2022-07-13,2022-08-19,Daños a Terceros,15470.33,9381.47,Pagado
SIN000348,POL02547,COB04,REG05,Camioneta,2022-08-05,2022-08-06,2022-08-15,Robo Total,197796.79,171250.72,Pagado
SIN000349,POL02555,COB01,REG04,Camioneta,2023-03-17,2023-03-18,2023-04-06,Daños a Terceros,14042.67,8527.63,Pagado
SIN000350,POL02563,COB01,REG01,Sedán,2023-04-10,2023-04-20,2023-05-19,Daños a Terceros,23515.34,16294.62,Pagado
SIN000351,POL02564,COB01,REG01,Camioneta,2024-08-07,2024-08-20,2024-10-22,Responsabilidad Civil,21514.23,15618.73,Pagado
SIN000352,POL02564,COB01,REG01,Camioneta,2024-05-29,2024-06-02,2024-06-22,Robo Total,178636.98,162164.64,Pagado
SIN000353,POL02574,COB01,REG01,Compacto,2024-03-13,2024-03-24,2024-04-28,Responsabilidad Civil,21292.05,13829.91,Pagado
SIN000354,POL02584,COB01,REG05,Compacto,2023-10-02,2023-10-22,2023-12-21,Daños Materiales,30169.6,25298.15,Pagado
SIN000355,POL02585,COB01,REG04,Pickup,2022-08-03,2022-10-13,2023-01-06,Robo Total,436170.42,382990.35,Pagado
SIN000356,POL02593,COB01,REG04,Pickup,2023-05-25,2023-06-20,2023-07-25,Daños Materiales,38253.11,33242.98,Pagado
SIN000357,POL02603,COB01,REG01,SUV,2023-07-25,2023-08-10,2023-10-07,Daños a Terceros,19162.06,12272.71,Pagado
SIN000358,POL02604,COB01,REG01,Compacto,2023-01-17,2023-01-22,2023-01-28,Robo Total,195797.42,162028.77,Pagado
SIN000359,POL02609,COB01,REG03,Sedán,2023-10-29,2023-11-11,2023-12-07,Daños a Terceros,13220.3,8997.63,Pagado
SIN000360,POL02609,COB01,REG03,Sedán,2023-10-18,2023-11-01,2023-11-21,Daños Materiales,25327.47,18310.87,Pagado
SIN000361,POL02619,COB01,REG01,Camioneta,2023-04-01,2023-04-09,2023-05-16,Daños Materiales,47150.68,41783.93,Pagado
SIN000362,POL02621,COB01,REG02,Sedán,2022-02-13,2022-03-07,2022-05-05,Daños Materiales,10646.9,6499.86,Pagado
SIN000363,POL02634,COB04,REG01,Sedán,2022-04-04,2022-05-02,2022-06-25,Robo Total,274412.82,257622.57,Pagado
SIN000364,POL02647,COB01,REG01,Sedán,2024-02-28,2024-03-12,2024-05-19,Daños Materiales,19174.41,16884.34,Pagado
SIN000365,POL02650,COB01,REG01,SUV,2023-08-01,2023-08-08,2023-09-14,Responsabilidad Civil,74521.68,58839.34,Pagado
SIN000366,POL02662,COB01,REG03,Compacto,2024-04-26,2024-05-19,2024-06-16,Robo Total,99558.78,94138.97,Pagado
SIN000367,POL02663,COB01,REG03,Camioneta,2023-01-03,2023-01-06,,Responsabilidad Civil,42870.78,0.0,Rechazado
SIN000368,POL02671,COB01,REG04,Camioneta,2023-10-24,2023-11-03,2023-12-20,Daños a Terceros,14075.32,9784.77,Pagado
SIN000369,POL02675,COB02,REG03,SUV,2024-05-23,2024-05-28,2024-07-27,Daños Materiales,6043.63,5432.43,Pagado
SIN000370,POL02680,COB03,REG01,Pickup,2022-02-23,2022-03-23,2022-04-21,Daños a Terceros,9819.24,7174.86,Pagado
SIN000371,POL02685,COB01,REG03,Camioneta,2023-07-23,2023-07-26,2023-08-09,Daños a Terceros,16699.63,11771.5,Pagado
SIN000372,POL02693,COB02,REG02,SUV,2022-06-03,2022-06-08,2022-07-05,Robo Total,179191.15,166429.23,Pagado
SIN000373,POL02705,COB01,REG01,SUV,2022-10-09,2022-10-14,2022-12-28,Daños a Terceros,7619.49,6178.39,Pagado
SIN000374,POL02710,COB03,REG02,Compacto,2022-12-10,2023-01-14,2023-03-01,Daños a Terceros,16493.89,14055.05,Pagado
SIN000375,POL02713,COB01,REG03,Sedán,2023-06-22,2023-06-24,2023-08-04,Daños a Terceros,35530.88,27867.08,Pagado
SIN000376,POL02716,COB02,REG01,Sedán,2024-10-26,2024-11-19,2024-12-31,Robo Total,126769.79,108853.85,Pagado
SIN000377,POL02717,COB01,REG03,SUV,2024-06-13,2024-06-27,2024-09-06,Daños Materiales,11537.33,10324.94,Pagado
SIN000378,POL02735,COB04,REG03,Sedán,2023-08-12,2023-08-15,2023-08-18,Robo Total,441895.7,375128.67,Pagado
SIN000379,POL02740,COB02,REG01,SUV,2022-07-27,2022-08-02,2022-08-21,Robo Total,111701.7,92694.24,Pagado
SIN000380,POL02754,COB02,REG02,SUV,2023-07-08,2023-07-18,2023-10-11,Daños Materiales,37739.73,31678.42,Pagado
SIN000381,POL02754,COB02,REG02,SUV,2023-11-13,2023-11-14,2023-12-14,Robo Total,97452.28,81046.86,Pagado
SIN000382,POL02766,COB01,REG05,Pickup,2023-12-02,2023-12-20,2024-01-22,Robo Total,194043.37,165220.63,Pagado
SIN000383,POL02766,COB01,REG05,Pickup,2024-01-09,2024-01-31,2024-02-29,Daños Materiales,11198.43,8436.08,Pagado
SIN000384,POL02774,COB02,REG03,SUV,2024-04-02,2024-04-12,2024-05-09,Robo Total,268708.18,217716.56,Pagado
SIN000385,POL02796,COB01,REG03,Sedán,2024-09-18,2024-09-22,2024-10-03,Robo Total,240200.08,223481.82,Pagado
SIN000386,POL02802,COB01,REG02,Compacto,2023-09-03,2023-09-08,,Daños Materiales,20047.57,0.0,Rechazado
SIN000387,POL02802,COB01,REG02,Compacto,2023-12-09,2023-12-12,2023-12-19,Robo Total,268881.33,228043.75,Pagado
SIN000388,POL02806,COB02,REG01,Compacto,2023-02-08,2023-03-04,2023-04-28,Daños Materiales,30794.69,23976.52,Pagado
SIN000389,POL02811,COB01,REG02,Sedán,2023-11-07,2023-11-07,,Daños Materiales,59814.94,0.0,Rechazado
SIN000390,POL02813,COB01,REG05,Sedán,2023-01-20,2023-01-31,,Daños a Terceros,35525.78,0.0,Rechazado
SIN000391,POL02815,COB01,REG01,Pickup,2023-06-10,2023-07-06,2023-09-05,Daños Materiales,25978.95,19728.94,Pagado
SIN000392,POL02815,COB01,REG01,Pickup,2023-07-28,2023-08-04,,Daños a Terceros,41231.93,0.0,Rechazado
SIN000393,POL02853,COB01,REG01,Compacto,2022-10-18,2022-10-20,2022-11-18,Robo Total,154750.31,145959.83,Pagado
SIN000394,POL02855,COB01,REG02,Sedán,2023-03-21,2023-04-09,2023-06-09,Robo Total,84083.09,68021.96,Pagado
SIN000395,POL02855,COB01,REG02,Sedán,2023-08-11,2023-09-06,2023-10-12,Responsabilidad Civil,26738.3,17569.11,Pagado
SIN000396,POL02856,COB02,REG01,Compacto,2023-02-03,2023-02-19,2023-03-17,Daños Materiales,19840.78,16652.35,Pagado
SIN000397,POL02857,COB01,REG03,Camioneta,2023-06-18,2023-06-18,2023-07-18,Daños a Terceros,38844.03,28823.54,Pagado
SIN000398,POL02875,COB01,REG05,SUV,2022-12-08,2022-12-13,2022-12-29,Robo Total,380630.54,359635.12,Pagado
SIN000399,POL02878,COB02,REG03,SUV,2024-10-07,2024-10-26,2024-12-19,Daños Materiales,17849.29,13022.82,Pagado
SIN000400,POL02886,COB03,REG03,SUV,2023-01-22,2023-02-28,,Responsabilidad Civil,37713.64,0.0,Rechazado
SIN000401,POL02901,COB02,REG02,Compacto,2024-03-08,2024-05-21,2024-08-31,Daños Materiales,24470.11,15900.51,Pagado
SIN000402,POL02909,COB01,REG02,Sedán,2024-03-17,2024-03-18,2024-03-20,Responsabilidad Civil,49353.02,35178.33,Pagado
SIN000403,POL02912,COB01,REG01,Compacto,2023-12-03,2023-12-25,2024-01-22,Robo Total,450062.8,378020.17,Pagado
SIN000404,POL02918,COB01,REG05,Camioneta,2023-09-10,2023-09-17,2023-10-24,Daños Materiales,22430.37,14375.74,Pagado
SIN000405,POL02923,COB01,REG01,Compacto,2023-06-19,2023-07-03,2023-09-02,Robo Total,146470.83,127061.62,Pagado
SIN000406,POL02925,COB01,REG02,SUV,2023-09-02,2023-09-12,2023-09-25,Daños a Terceros,18290.72,11398.48,Pagado
SIN000407,POL02937,COB01,REG01,SUV,2023-11-01,2023-11-18,2024-01-10,Daños a Terceros,16925.55,12367.69,Pagado
SIN000408,POL02943,COB01,REG05,SUV,2023-01-05,2023-01-05,2023-03-30,Daños Materiales,28154.52,23811.8,Pagado
SIN000409,POL02954,COB03,REG05,Compacto,2023-01-27,2023-02-07,2023-02-27,Daños a Terceros,15766.0,10150.41,Pagado
SIN000410,POL02956,COB01,REG01,Compacto,2023-01-19,2023-01-19,,Daños a Terceros,13382.07,0.0,Rechazado
SIN000411,POL02971,COB02,REG03,Compacto,2023-05-01,2023-05-03,2023-06-22,Robo Total,173449.32,153046.42,Pagado
SIN000412,POL02978,COB01,REG01,Camioneta,2024-03-22,2024-03-23,2024-03-30,Daños a Terceros,8689.69,6010.64,Pagado
SIN000413,POL02978,COB01,REG01,Camioneta,2024-06-17,2024-06-17,2024-06-18,Daños Materiales,15824.71,10097.35,Pagado
SIN000414,POL02983,COB02,REG01,Compacto,2023-04-20,2023-05-17,2023-07-02,Daños Materiales,28155.52,25028.85,Pagado
SIN000415,POL02984,COB02,REG01,SUV,2022-06-27,2022-07-19,2022-12-29,Daños Materiales,17072.53,11514.11,Pagado
SIN000416,POL02992,COB01,REG05,Camioneta,2024-08-07,2024-08-07,2024-08-17,Robo Total,155003.81,128271.94,Pagado
SIN000417,POL02995,COB02,REG01,Sedán,2023-12-09,2023-12-27,2024-02-03,Robo Total,230107.49,202349.03,Pagado
SIN000418,POL02997,COB01,REG03,Camioneta,2024-04-25,2024-06-05,2024-08-20,Daños a Terceros,18108.19,14076.2,Pagado
SIN000419,POL03000,COB02,REG03,Camioneta,2023-04-05,2023-04-24,2023-05-15,Robo Total,214237.1,177686.77,Pagado
SIN000420,POL03000,COB02,REG03,Camioneta,2022-07-27,2022-08-23,2022-12-06,Robo Total,65369.61,58708.49,Pagado
SIN000421,POL03009,COB01,REG03,Compacto,2023-01-09,2023-01-09,2023-02-20,Robo Total,139682.8,112748.43,Pagado
SIN000422,POL03014,COB02,REG01,Compacto,2023-07-18,2023-08-10,2023-09-04,Robo Total,203474.6,176512.18,Pagado
SIN000423,POL03021,COB02,REG05,Camioneta,2024-05-27,2024-06-01,2024-06-28,Daños Materiales,35469.64,31483.16,Pagado
SIN000424,POL03021,COB02,REG05,Camioneta,2023-10-03,2023-10-23,2023-12-20,Daños Materiales,32227.55,27158.14,Pagado
SIN000425,POL03026,COB01,REG01,Camioneta,2023-12-26,2024-01-01,2024-01-07,Daños Materiales,15449.24,10095.34,Pagado
SIN000426,POL03033,COB01,REG04,Compacto,2024-07-20,2024-07-21,,Responsabilidad Civil,47861.08,0.0,Rechazado
SIN000427,POL03042,COB02,REG02,Camioneta,2023-03-09,2023-03-14,2023-03-27,Daños Materiales,30325.41,22847.64,Pagado
SIN000428,POL03065,COB01,REG01,SUV,2023-02-27,2023-03-08,2023-05-07,Robo Total,165422.14,141295.47,Pagado
SIN000429,POL03072,COB02,REG03,SUV,2024-06-10,2024-06-13,2024-06-27,Robo Total,160974.12,140949.98,Pagado
SIN000430,POL03073,COB02,REG01,SUV,2022-03-27,2022-04-13,,Robo Total,221977.52,0.0,Rechazado
SIN000431,POL03079,COB04,REG02,Sedán,2022-09-13,2022-10-05,2022-12-10,Robo Total,137972.86,114970.17,Pagado
SIN000432,POL03121,COB02,REG03,SUV,2022-11-30,2022-12-05,2023-02-04,Daños Materiales,23834.6,20048.57,Pagado
SIN000433,POL03131,COB02,REG05,Sedán,2024-01-15,2024-01-26,2024-03-13,Robo Total,57024.6,49738.53,Pagado
SIN000434,POL03134,COB01,REG05,Sedán,2023-09-13,2023-09-13,2023-10-20,Robo Total,144519.76,131230.73,Pagado
SIN000435,POL03142,COB03,REG01,Pickup,2023-06-26,2023-07-03,2023-07-10,Daños a Terceros,10597.27,7191.93,Pagado
SIN000436,POL03152,COB01,REG04,Camioneta,2023-07-20,2023-08-18,2023-10-26,Robo Total,93937.83,80152.61,Pagado
SIN000437,POL03165,COB03,REG04,SUV,2022-11-13,2023-01-15,2023-04-18,Daños a Terceros,7586.92,6699.18,Pagado
SIN000438,POL03167,COB01,REG03,Compacto,2022-10-10,2022-10-24,2022-11-14,Responsabilidad Civil,67515.2,40943.31,Pagado
SIN000439,POL03178,COB01,REG03,Compacto,2023-09-29,2023-10-23,2023-12-01,Daños Materiales,15468.41,11036.08,Pagado
SIN000440,POL03197,COB01,REG03,Compacto,2023-01-28,2023-02-24,2023-03-26,Daños Materiales,13431.8,10607.26,Pagado
SIN000441,POL03201,COB02,REG01,Camioneta,2022-08-19,2022-09-13,2022-11-17,Robo Total,164785.85,133922.4,Pagado
SIN000442,POL03212,COB02,REG03,Sedán,2024-02-15,2024-03-06,2024-03-27,Robo Total,69504.41,63641.06,Pagado
SIN000443,POL03215,COB01,REG01,Sedán,2023-03-20,2023-03-27,2023-05-11,Daños Materiales,37974.18,29458.46,Pagado
SIN000444,POL03215,COB01,REG01,Sedán,2023-02-11,2023-02-14,2023-02-17,Robo Total,99251.4,80758.74,Pagado
SIN000445,POL03231,COB01,REG01,Sedán,2023-06-09,2023-06-09,2023-06-30,Responsabilidad Civil,17093.13,11108.53,Pagado
SIN000446,POL03232,COB03,REG03,SUV,2023-06-17,2023-07-01,2023-09-02,Responsabilidad Civil,185123.83,135822.76,Pagado
SIN000447,POL03235,COB02,REG03,Compacto,2024-03-06,2024-04-09,2024-06-18,Daños Materiales,40966.01,28056.65,Pagado
SIN000448,POL03235,COB02,REG03,Compacto,2024-06-14,2024-06-19,2024-08-10,Daños Materiales,34426.98,24482.06,Pagado
SIN000449,POL03235,COB02,REG03,Compacto,2023-11-17,2023-12-06,2024-01-17,Robo Total,361363.29,330184.0,Pagado
SIN000450,POL03240,COB01,REG03,Compacto,2022-09-05,2022-09-05,2022-09-07,Daños Materiales,28134.44,18914.97,Pagado
SIN000451,POL03248,COB01,REG01,SUV,2023-06-06,2023-06-14,2023-06-23,Robo Total,133939.89,123514.25,Pagado
SIN000452,POL03283,COB01,REG01,SUV,2023-05-23,2023-05-25,2023-07-08,Daños a Terceros,19857.76,15132.61,Pagado
SIN000453,POL03283,COB01,REG01,SUV,2023-11-09,2023-11-23,2023-12-21,Daños a Terceros,24200.34,17907.92,Pagado
SIN000454,POL03286,COB02,REG02,SUV,2023-09-21,2023-10-26,2023-12-24,Daños Materiales,19758.07,15760.39,Pagado
SIN000455,POL03289,COB03,REG02,Compacto,2023-05-22,2023-06-21,2023-10-12,Daños a Terceros,18047.94,16140.52,Pagado
SIN000456,POL03292,COB01,REG05,SUV,2024-02-04,2024-02-04,2024-02-22,Robo Total,225981.41,200605.01,Pagado
SIN000457,POL03294,COB02,REG04,Compacto,2023-04-09,2023-04-27,2023-05-15,Daños Materiales,38198.34,33551.89,Pagado
SIN000458,POL03298,COB02,REG01,Camioneta,2023-02-14,2023-03-15,2023-04-19,Robo Total,263412.99,244702.9,Pagado
SIN000459,POL03301,COB02,REG02,Sedán,2024-04-18,2024-04-24,2024-05-01,Daños Materiales,30332.74,27041.37,Pagado
SIN000460,POL03303,COB01,REG01,SUV,2024-08-02,2024-08-04,2024-08-13,Daños a Terceros,31981.33,26159.9,Pagado
SIN000461,POL03304,COB02,REG03,SUV,2023-10-24,2023-10-28,2023-11-23,Robo Total,84581.81,76159.76,Pagado
SIN000462,POL03313,COB02,REG01,Sedán,2023-11-23,2023-11-25,2023-11-30,Daños Materiales,24858.46,22020.79,Pagado
SIN000463,POL03314,COB02,REG02,Pickup,2022-08-29,2022-10-25,2022-12-29,Robo Total,326074.57,263476.23,Pagado
SIN000464,POL03318,COB01,REG05,Compacto,2023-12-16,2024-01-13,2024-02-14,Responsabilidad Civil,70164.03,50645.56,Pagado
SIN000465,POL03323,COB01,REG03,Pickup,2023-03-05,2023-03-08,2023-03-14,Daños Materiales,34691.74,26935.19,Pagado
SIN000466,POL03324,COB02,REG02,Camioneta,2023-12-18,2023-12-21,2023-12-28,Robo Total,503633.91,478259.22,Pagado
SIN000467,POL03329,COB01,REG04,Camioneta,2024-10-08,2024-11-22,2024-12-31,Robo Total,160528.88,142044.5,Pagado
SIN000468,POL03329,COB01,REG04,Camioneta,2024-03-02,2024-03-30,2024-05-18,Daños a Terceros,14606.16,12202.73,Pagado
SIN000469,POL03343,COB01,REG01,Sedán,2023-09-24,2023-10-21,,Daños Materiales,16528.93,0.0,Rechazado
SIN000470,POL03345,COB03,REG03,Compacto,2022-10-24,2022-11-02,2022-11-19,Responsabilidad Civil,69346.14,54429.74,Pagado
SIN000471,POL03348,COB01,REG01,Camioneta,2024-03-19,2024-04-05,2024-04-29,Daños a Terceros,14673.74,13113.16,Pagado
SIN000472,POL03348,COB01,REG01,Camioneta,2024-10-21,2024-11-17,2024-12-31,Daños Materiales,69841.21,41989.11,Pagado
SIN000473,POL03357,COB01,REG02,Sedán,2022-09-25,2022-11-18,2023-02-21,Robo Total,155499.85,140193.37,Pagado
SIN000474,POL03372,COB01,REG02,Sedán,2022-07-03,2022-07-11,2022-08-18,Responsabilidad Civil,13884.72,10541.66,Pagado
SIN000475,POL03372,COB01,REG02,Sedán,2023-03-25,2023-04-26,2023-06-10,Responsabilidad Civil,28429.49,20230.53,Pagado
SIN000476,POL03373,COB02,REG02,Sedán,2022-08-04,2022-08-23,2022-09-27,Robo Total,131308.45,122630.11,Pagado
SIN000477,POL03374,COB02,REG03,Camioneta,2022-10-07,2022-10-28,2022-11-24,Daños Materiales,54218.29,48398.84,Pagado
SIN000478,POL03386,COB01,REG03,Compacto,2023-07-28,2023-08-14,2023-10-05,Responsabilidad Civil,36517.5,31031.54,Pagado
SIN000479,POL03387,COB01,REG01,SUV,2022-05-03,2022-05-03,2022-05-27,Responsabilidad Civil,99670.73,67466.4,Pagado
SIN000480,POL03399,COB01,REG03,SUV,2023-11-11,2023-11-24,2024-02-15,Responsabilidad Civil,63262.35,56922.5,Pagado
SIN000481,POL03417,COB02,REG01,Camioneta,2022-07-18,2022-07-20,2022-08-13,Robo Total,74418.6,66620.62,Pagado
SIN000482,POL03420,COB01,REG02,SUV,2022-12-24,2023-01-09,2023-02-15,Robo Total,286744.95,253564.96,Pagado
SIN000483,POL03424,COB01,REG05,Sedán,2023-11-01,2023-11-24,2023-12-19,Daños a Terceros,26232.25,20140.13,Pagado
SIN000484,POL03431,COB01,REG03,Sedán,2023-05-23,2023-05-29,2023-07-06,Daños a Terceros,14883.53,12643.35,Pagado
SIN000485,POL03434,COB01,REG03,Camioneta,2022-07-15,2022-08-01,2022-09-20,Responsabilidad Civil,59674.67,36691.37,Pagado
SIN000486,POL03441,COB02,REG03,Sedán,2023-12-25,2024-01-04,2024-02-18,Robo Total,81020.29,65723.27,Pagado
SIN000487,POL03447,COB02,REG03,Sedán,2023-12-08,2023-12-15,2024-01-03,Daños Materiales,8209.64,7216.37,Pagado
SIN000488,POL03447,COB02,REG03,Sedán,2024-02-06,2024-04-02,2024-06-01,Daños Materiales,21209.26,13196.77,Pagado
SIN000489,POL03452,COB02,REG02,Compacto,2024-02-22,2024-04-04,2024-06-23,Robo Total,255444.15,205198.85,Pagado
SIN000490,POL03459,COB02,REG02,SUV,2024-03-12,2024-03-26,2024-04-10,Daños Materiales,15405.73,10656.47,Pagado
SIN000491,POL03472,COB01,REG01,SUV,2022-03-07,2022-03-11,2022-05-08,Daños Materiales,26443.5,21403.11,Pagado
SIN000492,POL03473,COB02,REG02,SUV,2023-01-29,2023-02-09,2023-02-26,Daños Materiales,29918.16,20347.84,Pagado
SIN000493,POL03477,COB01,REG04,Sedán,2022-12-11,2022-12-20,2023-01-12,Daños Materiales,19470.96,15898.32,Pagado
SIN000494,POL03481,COB01,REG01,Sedán,2023-10-12,2023-10-28,2023-12-04,Daños Materiales,45031.06,35931.51,Pagado
SIN000495,POL03481,COB01,REG01,Sedán,2024-02-14,2024-02-18,2024-02-26,Daños a Terceros,27290.23,18716.19,Pagado
SIN000496,POL03487,COB01,REG03,Compacto,2022-07-31,2022-08-08,2022-08-30,Daños Materiales,20732.16,17458.88,Pagado
SIN000497,POL03495,COB01,REG03,Camioneta,2024-07-18,2024-07-30,2024-09-11,Daños a Terceros,9194.9,6446.55,Pagado
SIN000498,POL03522,COB01,REG03,SUV,2024-05-08,2024-06-06,2024-07-13,Robo Total,501347.98,473995.55,Pagado
SIN000499,POL03535,COB03,REG03,SUV,2023-03-22,2023-04-06,2023-06-01,Responsabilidad Civil,51501.6,38117.08,Pagado
SIN000500,POL03537,COB01,REG05,Sedán,2023-03-05,2023-03-09,2023-03-24,Responsabilidad Civil,24947.8,17951.9,Pagado
SIN000501,POL03538,COB01,REG05,Compacto,2024-01-28,2024-02-17,2024-04-24,Daños a Terceros,19672.99,13438.24,Pagado
SIN000502,POL03553,COB02,REG02,Sedán,2023-03-30,2023-04-06,2023-06-02,Robo Total,112882.24,99521.13,Pagado
SIN000503,POL03554,COB01,REG05,Camioneta,2023-03-03,2023-03-05,2023-03-11,Daños a Terceros,6737.8,4246.73,Pagado
SIN000504,POL03557,COB01,REG01,Sedán,2022-04-05,2022-04-28,2022-06-14,Responsabilidad Civil,67628.7,42766.23,Pagado
SIN000505,POL03569,COB04,REG01,Camioneta,2023-06-02,2023-06-25,2023-08-11,Robo Total,98204.26,86606.67,Pagado
SIN000506,POL03570,COB01,REG05,Camioneta,2023-10-13,2023-10-14,2023-11-14,Robo Total,206973.51,189642.53,Pagado
SIN000507,POL03574,COB01,REG01,Compacto,2023-01-30,2023-02-03,2023-05-15,Daños a Terceros,16639.75,14437.99,Pagado
SIN000508,POL03583,COB01,REG04,Camioneta,2023-05-02,2023-05-11,2023-06-08,Robo Total,108445.16,100008.84,Pagado
SIN000509,POL03584,COB01,REG01,Sedán,2023-04-01,2023-04-05,2023-04-17,Daños Materiales,47500.66,31949.3,Pagado
SIN000510,POL03588,COB01,REG02,Sedán,2022-11-22,2022-12-06,2023-01-26,Daños a Terceros,18056.6,14346.95,Pagado
SIN000511,POL03607,COB01,REG01,Sedán,2023-02-07,2023-02-17,2023-04-16,Robo Total,140222.81,128790.01,Pagado
SIN000512,POL03617,COB01,REG05,Sedán,2023-06-22,2023-07-02,2023-08-06,Daños Materiales,28732.45,17580.8,Pagado
SIN000513,POL03632,COB01,REG01,Sedán,2023-07-13,2023-07-14,2023-07-23,Robo Total,146661.78,126088.16,Pagado
SIN000514,POL03633,COB03,REG02,Camioneta,2022-03-01,2022-03-06,2022-04-01,Responsabilidad Civil,26781.43,21545.03,Pagado
SIN000515,POL03635,COB02,REG03,Sedán,2023-11-12,2023-11-27,2024-01-18,Robo Total,157354.09,138281.96,Pagado
SIN000516,POL03639,COB01,REG03,Pickup,2024-02-05,2024-02-14,2024-04-14,Responsabilidad Civil,55127.73,37806.35,Pagado
SIN000517,POL03641,COB01,REG03,Sedán,2023-05-12,2023-05-14,2023-05-27,Daños a Terceros,25166.15,20679.13,Pagado
SIN000518,POL03644,COB01,REG03,SUV,2024-02-17,2024-03-05,2024-04-11,Daños a Terceros,9663.98,8590.64,Pagado
SIN000519,POL03645,COB02,REG03,Sedán,2023-11-30,2023-12-14,2024-01-14,Robo Total,101672.62,92645.81,Pagado
SIN000520,POL03646,COB02,REG01,SUV,2024-08-27,2024-09-19,2024-10-13,Robo Total,443692.76,358037.68,Pagado
SIN000521,POL03652,COB01,REG05,SUV,2023-05-04,2023-05-25,,Daños Materiales,15831.64,0.0,Rechazado
SIN000522,POL03653,COB02,REG02,Pickup,2023-04-12,2023-05-07,2023-07-16,Robo Total,135938.85,121906.07,Pagado
SIN000523,POL03663,COB01,REG01,Compacto,2022-10-19,2022-11-02,2022-11-25,Daños Materiales,17801.4,14004.29,Pagado
SIN000524,POL03671,COB01,REG05,Camioneta,2022-11-12,2022-12-03,2022-12-30,Robo Total,82781.27,78464.49,Pagado
SIN000525,POL03672,COB01,REG02,SUV,2023-01-02,2023-01-09,2023-02-11,Daños a Terceros,26176.59,17927.52,Pagado
SIN000526,POL03682,COB03,REG03,SUV,2023-09-12,2023-09-12,2023-10-04,Daños a Terceros,12229.39,7447.68,Pagado
SIN000527,POL03683,COB01,REG02,Compacto,2022-03-30,2022-04-23,2022-05-25,Daños a Terceros,37896.53,24674.96,Pagado
SIN000528,POL03684,COB02,REG01,Sedán,2023-09-15,2023-09-16,2023-09-29,Daños Materiales,35866.96,22344.07,Pagado
SIN000529,POL03685,COB01,REG01,Sedán,2023-02-07,2023-03-15,2023-04-22,Robo Total,183013.4,153700.42,Pagado
SIN000530,POL03711,COB01,REG03,Sedán,2024-01-13,2024-02-07,2024-03-15,Daños a Terceros,11868.54,9627.25,Pagado
SIN000531,POL03715,COB02,REG01,Camioneta,2022-12-14,2022-12-31,2023-01-24,Robo Total,160956.77,148597.36,Pagado
SIN000532,POL03730,COB01,REG02,Sedán,2024-01-12,2024-01-19,2024-02-18,Daños Materiales,31815.88,20012.41,Pagado
SIN000533,POL03731,COB01,REG01,Sedán,2022-08-02,2022-08-18,2022-09-07,Daños Materiales,25136.39,19852.5,Pagado
SIN000534,POL03732,COB01,REG03,SUV,2023-05-18,2023-05-18,2023-06-05,Daños a Terceros,11737.82,8222.29,Pagado
SIN000535,POL03739,COB01,REG02,Sedán,2023-10-26,2024-01-05,,Daños a Terceros,8419.13,0.0,Rechazado
SIN000536,POL03742,COB02,REG01,Sedán,2024-03-03,2024-03-25,2024-06-03,Daños Materiales,44066.04,38089.6,Pagado
SIN000537,POL03745,COB01,REG02,Sedán,2022-01-16,2022-01-24,2022-02-10,Responsabilidad Civil,43510.85,35454.07,Pagado
SIN000538,POL03754,COB02,REG01,Compacto,2023-02-17,2023-02-20,2023-03-04,Robo Total,269226.69,230188.88,Pagado
SIN000539,POL03754,COB02,REG01,Compacto,2022-12-24,2023-01-15,2023-02-10,Robo Total,321742.81,270954.56,Pagado
SIN000540,POL03761,COB01,REG03,Pickup,2023-06-25,2023-06-28,2023-07-15,Robo Total,131579.41,108378.84,Pagado
SIN000541,POL03772,COB02,REG01,SUV,2024-01-27,2024-03-17,2024-08-01,Robo Total,74235.85,66604.38,Pagado
SIN000542,POL03785,COB01,REG03,SUV,2022-07-03,2022-07-21,2022-08-10,Daños a Terceros,12937.37,8439.3,Pagado
SIN000543,POL03797,COB01,REG03,Camioneta,2022-03-31,2022-05-13,2022-07-07,Daños Materiales,31856.77,26464.55,Pagado
SIN000544,POL03803,COB01,REG01,Compacto,2022-09-29,2022-11-03,2023-01-20,Robo Total,157379.9,128924.33,Pagado
SIN000545,POL03817,COB02,REG04,Camioneta,2023-09-17,2023-10-04,2023-10-25,Robo Total,162059.6,141134.98,Pagado
SIN000546,POL03822,COB02,REG04,Sedán,2024-08-16,2024-08-23,2024-09-01,Daños Materiales,30082.8,26090.95,Pagado
SIN000547,POL03822,COB02,REG04,Sedán,2024-08-26,2024-08-29,2024-09-27,Robo Total,201137.39,168331.54,Pagado
SIN000548,POL03824,COB01,REG01,SUV,2024-08-15,2024-08-28,2024-10-04,Responsabilidad Civil,38110.66,34018.03,Pagado
SIN000549,POL03826,COB01,REG04,Pickup,2023-11-06,2023-12-24,2024-02-27,Responsabilidad Civil,12895.32,7892.15,Pagado
SIN000550,POL03830,COB03,REG05,SUV,2022-07-20,2022-07-31,,Daños a Terceros,25389.88,0.0,Rechazado
SIN000551,POL03832,COB01,REG01,Sedán,2024-06-12,2024-06-12,2024-06-23,Daños Materiales,29120.45,17753.93,Pagado
SIN000552,POL03843,COB04,REG02,Sedán,2024-08-17,2024-08-21,2024-09-16,Robo Total,71108.93,63440.76,Pagado
SIN000553,POL03845,COB01,REG05,Compacto,2023-10-03,2023-11-18,2024-02-28,Robo Total,178258.07,143840.37,Pagado
SIN000554,POL03847,COB01,REG03,Sedán,2022-08-21,2022-08-25,2022-09-20,Daños a Terceros,8495.03,5775.46,Pagado
SIN000555,POL03852,COB01,REG03,SUV,2024-02-15,2024-02-25,2024-03-12,Daños a Terceros,41704.21,30449.98,Pagado
SIN000556,POL03861,COB01,REG05,SUV,2024-06-15,2024-07-17,2024-09-23,Robo Total,721662.24,685253.7,Pagado
SIN000557,POL03866,COB01,REG01,Camioneta,2022-09-08,2022-09-16,2022-11-02,Robo Total,218468.05,203532.17,Pagado
SIN000558,POL03873,COB01,REG05,Camioneta,2024-08-05,2024-08-06,2024-08-09,Robo Total,219880.06,178955.63,Pagado
SIN000559,POL03884,COB02,REG01,Compacto,2024-01-24,2024-02-15,2024-03-31,Daños Materiales,35667.41,26025.3,Pagado
SIN000560,POL03884,COB02,REG01,Compacto,2023-12-11,2023-12-12,2023-12-14,Robo Total,419364.78,392527.89,Pagado
SIN000561,POL03885,COB01,REG02,Sedán,2022-12-22,2023-01-16,2023-02-26,Robo Total,115583.97,104017.99,Pagado
SIN000562,POL03897,COB02,REG01,Sedán,2023-10-15,2023-11-04,2023-12-10,Robo Total,362591.11,314219.8,Pagado
SIN000563,POL03897,COB02,REG01,Sedán,2023-02-06,2023-02-11,2023-03-06,Daños Materiales,38941.67,31105.39,Pagado
SIN000564,POL03905,COB02,REG05,Compacto,2023-02-25,2023-03-01,2023-04-17,Daños Materiales,13769.67,11196.89,Pagado
SIN000565,POL03907,COB01,REG03,SUV,2023-12-31,2024-01-22,2024-02-28,Responsabilidad Civil,49463.25,40212.8,Pagado
SIN000566,POL03908,COB02,REG01,SUV,2023-11-01,2023-11-06,2024-02-22,Robo Total,183521.02,164456.91,Pagado
SIN000567,POL03928,COB01,REG04,Camioneta,2022-12-08,2023-01-09,2023-05-25,Daños Materiales,41037.79,30402.39,Pagado
SIN000568,POL03951,COB04,REG02,Compacto,2024-09-21,2024-10-06,,Robo Total,181541.23,0.0,Rechazado
SIN000569,POL03954,COB01,REG02,Pickup,2022-07-18,2022-07-20,2022-10-24,Robo Total,118194.68,95754.52,Pagado
SIN000570,POL03955,COB02,REG01,Sedán,2024-02-03,2024-03-15,2024-05-14,Daños Materiales,23174.34,14614.09,Pagado
SIN000571,POL03970,COB02,REG02,Camioneta,2024-11-23,2024-12-10,2024-12-31,Robo Total,153748.3,140545.45,Pagado
SIN000572,POL03985,COB01,REG03,SUV,2023-04-03,2023-05-09,2023-06-29,Robo Total,365533.81,305676.65,Pagado
SIN000573,POL03990,COB01,REG01,Sedán,2023-09-03,2023-09-11,2023-10-14,Daños a Terceros,12995.68,10372.9,Pagado
SIN000574,POL03995,COB02,REG03,SUV,2022-11-04,2023-01-10,2023-05-29,Daños Materiales,59604.42,40506.98,Pagado
SIN000575,POL03997,COB02,REG01,Camioneta,2022-09-09,2022-09-23,,Robo Total,177690.94,0.0,Rechazado
SIN000576,POL04004,COB01,REG01,SUV,2023-02-20,2023-03-08,2023-05-11,Responsabilidad Civil,43272.45,38036.51,Pagado
SIN000577,POL04008,COB01,REG01,Sedán,2023-07-04,2023-07-19,2023-09-30,Responsabilidad Civil,61482.29,39235.35,Pagado
SIN000578,POL04019,COB01,REG02,Sedán,2023-09-22,2023-10-29,,Robo Total,339062.51,0.0,Rechazado
SIN000579,POL04027,COB01,REG05,SUV,2024-02-28,2024-04-03,2024-06-06,Daños Materiales,23745.95,18775.07,Pagado
SIN000580,POL04034,COB01,REG01,Sedán,2022-08-08,2022-08-26,2022-09-22,Responsabilidad Civil,139144.71,116572.91,Pagado
SIN000581,POL04036,COB01,REG05,Compacto,2024-06-13,2024-06-19,2024-07-10,Robo Total,158248.35,136489.71,Pagado
SIN000582,POL04036,COB01,REG05,Compacto,2024-04-04,2024-04-09,,Daños a Terceros,25274.18,0.0,Rechazado
SIN000583,POL04045,COB01,REG01,SUV,2022-03-26,2022-03-29,2022-04-03,Daños Materiales,24808.9,20772.57,Pagado
SIN000584,POL04050,COB03,REG01,Sedán,2023-12-01,2023-12-15,2023-12-31,Responsabilidad Civil,32219.78,24820.16,Pagado
SIN000585,POL04052,COB01,REG04,Sedán,2023-07-02,2023-08-04,,Daños a Terceros,13892.29,0.0,Rechazado
SIN000586,POL04060,COB01,REG01,Sedán,2022-11-29,2022-12-05,2022-12-23,Responsabilidad Civil,30554.73,18519.73,Pagado
SIN000587,POL04066,COB01,REG01,Compacto,2024-06-20,2024-06-21,2024-06-22,Daños a Terceros,11602.5,7603.93,Pagado
SIN000588,POL04073,COB02,REG05,Pickup,2022-06-03,2022-06-14,2022-07-06,Daños Materiales,26816.78,20130.94,Pagado
SIN000589,POL04084,COB02,REG03,SUV,2024-07-11,2024-07-29,2024-08-18,Robo Total,162192.46,150009.7,Pagado
SIN000590,POL04084,COB02,REG03,SUV,2024-04-06,2024-04-17,2024-05-09,Daños Materiales,36572.78,27346.4,Pagado
SIN000591,POL04091,COB03,REG03,Sedán,2023-01-30,2023-02-07,2023-03-12,Responsabilidad Civil,45648.75,34376.47,Pagado
SIN000592,POL04098,COB01,REG01,Compacto,2023-11-29,2023-12-15,2024-01-09,Responsabilidad Civil,30141.23,21304.59,Pagado
SIN000593,POL04106,COB02,REG01,Sedán,2023-11-28,2023-11-29,2024-01-22,Robo Total,332320.38,298137.46,Pagado
SIN000594,POL04108,COB03,REG03,Compacto,2024-04-07,2024-05-01,2024-05-26,Responsabilidad Civil,21188.68,17546.96,Pagado
SIN000595,POL04113,COB01,REG03,Sedán,2022-08-28,2022-10-01,2022-11-12,Responsabilidad Civil,35066.64,27994.35,Pagado
SIN000596,POL04117,COB01,REG02,Camioneta,2022-02-19,2022-02-28,2022-03-27,Robo Total,117476.84,107116.09,Pagado
SIN000597,POL04120,COB01,REG01,Sedán,2023-02-12,2023-02-16,2023-03-15,Responsabilidad Civil,17338.49,13083.15,Pagado
SIN000598,POL04135,COB01,REG05,SUV,2023-02-26,2023-03-17,2023-04-29,Daños a Terceros,12213.49,8870.59,Pagado
SIN000599,POL04146,COB01,REG01,Compacto,2023-08-19,2023-09-03,2023-09-24,Daños Materiales,36902.3,23958.5,Pagado
SIN000600,POL04158,COB02,REG03,Compacto,2023-09-30,2023-10-04,2023-11-10,Robo Total,321662.91,290262.67,Pagado
SIN000601,POL04162,COB02,REG01,Sedán,2023-08-13,2023-09-11,2023-10-16,Daños Materiales,24403.18,16910.34,Pagado
SIN000602,POL04164,COB01,REG01,Compacto,2022-07-11,2022-07-13,2022-08-19,Daños a Terceros,17950.7,13442.1,Pagado
SIN000603,POL04176,COB02,REG05,Sedán,2022-09-08,2022-09-21,2022-10-28,Daños Materiales,15813.75,13376.95,Pagado
SIN000604,POL04190,COB01,REG04,Compacto,2023-06-29,2023-08-07,2023-09-30,Daños a Terceros,32395.46,25655.05,Pagado
SIN000605,POL04191,COB02,REG05,Sedán,2023-12-13,2024-01-07,,Daños Materiales,9170.63,0.0,Rechazado
SIN000606,POL04196,COB01,REG03,Pickup,2023-09-07,2023-09-23,2023-10-15,Daños Materiales,4840.89,2978.17,Pagado
SIN000607,POL04209,COB01,REG05,Camioneta,2024-01-05,2024-01-15,2024-03-29,Responsabilidad Civil,106974.39,73003.94,Pagado
SIN000608,POL04211,COB01,REG05,Sedán,2023-08-29,2023-09-08,2023-10-05,Daños Materiales,58516.64,42544.24,Pagado
SIN000609,POL04231,COB01,REG03,Sedán,2024-06-10,2024-06-16,2024-06-29,Responsabilidad Civil,26063.71,17046.83,Pagado
SIN000610,POL04231,COB01,REG03,Sedán,2024-07-05,2024-07-18,2024-08-02,Daños Materiales,21211.94,17004.99,Pagado
SIN000611,POL04231,COB01,REG03,Sedán,2023-10-26,2023-11-01,2023-12-10,Daños a Terceros,11260.88,7250.46,Pagado
SIN000612,POL04240,COB01,REG01,Compacto,2024-05-21,2024-05-21,2024-07-16,Daños a Terceros,22142.83,14988.58,Pagado
SIN000613,POL04241,COB01,REG01,Sedán,2023-12-24,2023-12-28,2024-01-30,Robo Total,307595.68,261372.94,Pagado
SIN000614,POL04264,COB01,REG01,Sedán,2023-03-12,2023-03-13,2023-04-12,Responsabilidad Civil,37060.4,33316.74,Pagado
SIN000615,POL04295,COB01,REG03,Compacto,2024-03-21,2024-04-14,2024-06-16,Daños a Terceros,2728.35,1772.4,Pagado
SIN000616,POL04295,COB01,REG03,Compacto,2023-12-15,2024-01-09,2024-04-21,Daños Materiales,16177.34,10216.83,Pagado
SIN000617,POL04295,COB01,REG03,Compacto,2024-12-02,2024-12-08,2024-12-27,Daños a Terceros,30008.14,21446.27,Pagado
SIN000618,POL04301,COB02,REG03,SUV,2022-11-22,2022-12-15,2023-01-27,Robo Total,262541.24,230928.32,Pagado
SIN000619,POL04305,COB01,REG05,SUV,2023-12-06,2023-12-20,2024-01-25,Daños a Terceros,14967.59,11397.52,Pagado
SIN000620,POL04306,COB01,REG01,Sedán,2024-01-25,2024-02-15,2024-04-03,Responsabilidad Civil,45573.19,36233.37,Pagado
SIN000621,POL04315,COB01,REG03,Sedán,2023-09-05,2023-09-06,2023-10-08,Daños a Terceros,16705.71,10592.57,Pagado
SIN000622,POL04326,COB02,REG03,SUV,2024-02-22,2024-03-08,2024-03-30,Robo Total,246881.74,200133.21,Pagado
SIN000623,POL04336,COB01,REG01,Camioneta,2022-05-16,2022-06-13,2022-07-12,Daños a Terceros,15990.4,14178.11,Pagado
SIN000624,POL04338,COB02,REG02,Compacto,2024-08-29,2024-10-06,2024-11-21,Robo Total,58198.6,53125.37,Pagado
SIN000625,POL04347,COB01,REG05,SUV,2024-01-02,2024-02-29,2024-05-17,Daños a Terceros,13504.49,11273.24,Pagado
SIN000626,POL04354,COB02,REG04,Camioneta,2024-08-30,2024-09-12,2024-11-07,Daños Materiales,40513.06,34798.21,Pagado
SIN000627,POL04365,COB01,REG01,Pickup,2022-10-24,2022-10-25,2022-11-17,Responsabilidad Civil,21904.51,15640.64,Pagado
SIN000628,POL04390,COB01,REG01,SUV,2022-02-25,2022-04-01,2022-06-11,Daños a Terceros,7761.77,5881.96,Pagado
SIN000629,POL04391,COB01,REG04,Sedán,2022-04-18,2022-04-21,2022-04-27,Responsabilidad Civil,17253.27,14763.76,Pagado
SIN000630,POL04397,COB01,REG01,Camioneta,2024-05-11,2024-05-27,2024-06-17,Responsabilidad Civil,31192.44,27429.4,Pagado
SIN000631,POL04401,COB03,REG01,Sedán,2022-12-16,2022-12-25,2023-01-09,Daños a Terceros,15786.1,12444.35,Pagado
SIN000632,POL04410,COB01,REG01,SUV,2023-08-25,2023-09-10,2023-10-24,Daños Materiales,61776.76,53409.35,Pagado
SIN000633,POL04411,COB01,REG02,SUV,2022-12-06,2023-01-14,2023-04-19,Robo Total,71852.21,66724.32,Pagado
SIN000634,POL04413,COB01,REG05,Camioneta,2023-11-21,2023-12-29,2024-02-25,Daños a Terceros,30500.57,20917.69,Pagado
SIN000635,POL04420,COB01,REG01,Camioneta,2023-08-13,2023-09-05,2023-10-30,Daños a Terceros,90000.0,75698.01,Pagado
SIN000636,POL04424,COB01,REG05,Camioneta,2022-09-20,2022-10-01,2022-11-16,Robo Total,167253.21,153527.46,Pagado
SIN000637,POL04430,COB02,REG04,Sedán,2022-12-25,2023-01-12,2023-04-04,Daños Materiales,96326.16,86070.82,Pagado
SIN000638,POL04433,COB04,REG03,Compacto,2023-02-23,2023-03-22,2023-04-24,Robo Total,510257.7,482758.32,Pagado
SIN000639,POL04440,COB01,REG04,Camioneta,2022-12-31,2023-01-18,2023-02-06,Daños Materiales,25659.25,23073.92,Pagado
SIN000640,POL04441,COB02,REG04,Camioneta,2024-01-19,2024-01-29,2024-03-02,Daños Materiales,86085.39,68293.22,Pagado
SIN000641,POL04449,COB02,REG03,Sedán,2023-11-16,2023-12-01,2023-12-24,Robo Total,124659.98,111373.48,Pagado
SIN000642,POL04450,COB02,REG03,Sedán,2022-05-24,2022-05-27,2022-07-01,Daños Materiales,52261.32,39478.49,Pagado
SIN000643,POL04451,COB02,REG01,Sedán,2024-08-14,2024-09-01,2024-10-18,Robo Total,321043.35,300979.36,Pagado
SIN000644,POL04457,COB02,REG02,Compacto,2022-09-13,2022-09-19,2022-10-21,Daños Materiales,19268.78,11912.48,Pagado
SIN000645,POL04459,COB02,REG04,Sedán,2023-12-17,2024-02-01,2024-03-27,Daños Materiales,15614.19,11033.5,Pagado
SIN000646,POL04460,COB01,REG01,Compacto,2023-11-23,2023-11-25,2023-12-29,Robo Total,502407.43,475276.23,Pagado
SIN000647,POL04460,COB01,REG01,Compacto,2023-10-28,2023-11-18,2024-01-18,Responsabilidad Civil,46503.23,28818.04,Pagado
SIN000648,POL04463,COB01,REG02,Sedán,2024-06-20,2024-08-07,2024-09-27,Daños Materiales,28565.36,18834.81,Pagado
SIN000649,POL04465,COB01,REG04,Compacto,2023-08-12,2023-08-19,2023-10-02,Responsabilidad Civil,146358.53,92859.06,Pagado
SIN000650,POL04484,COB02,REG03,Sedán,2023-05-02,2023-05-09,2023-06-02,Robo Total,220596.64,185632.12,Pagado
SIN000651,POL04491,COB01,REG02,Sedán,2023-03-20,2023-04-03,2023-04-25,Responsabilidad Civil,38134.64,27601.48,Pagado
SIN000652,POL04516,COB01,REG02,Pickup,2022-03-05,2022-03-30,2022-05-16,Daños Materiales,12127.86,7729.19,Pagado
SIN000653,POL04526,COB02,REG01,SUV,2024-04-24,2024-04-29,2024-05-07,Robo Total,269821.1,241663.73,Pagado
SIN000654,POL04538,COB02,REG01,Sedán,2024-04-07,2024-04-15,,Robo Total,196526.06,0.0,Rechazado
SIN000655,POL04543,COB03,REG01,Sedán,2022-09-06,2022-09-13,2022-09-24,Responsabilidad Civil,35451.26,28683.4,Pagado
SIN000656,POL04550,COB01,REG01,Compacto,2023-10-31,2023-11-05,2023-11-25,Responsabilidad Civil,50372.54,34223.38,Pagado
SIN000657,POL04555,COB04,REG03,SUV,2022-11-23,2022-11-25,2023-01-07,Robo Total,137744.58,111531.02,Pagado
SIN000658,POL04564,COB01,REG05,SUV,2024-09-23,2024-10-19,2024-11-15,Daños Materiales,30242.13,24726.84,Pagado
SIN000659,POL04573,COB01,REG03,Sedán,2022-06-21,2022-07-05,2022-08-15,Daños a Terceros,11697.48,10058.64,Pagado
SIN000660,POL04574,COB01,REG04,Sedán,2023-06-12,2023-07-01,2023-07-22,Daños Materiales,20089.93,17331.3,Pagado
SIN000661,POL04579,COB01,REG04,Sedán,2023-09-15,2023-09-28,2023-11-13,Robo Total,232511.47,202821.64,Pagado
SIN000662,POL04585,COB02,REG01,SUV,2023-12-29,2024-01-05,2024-01-30,Daños Materiales,15897.08,11131.59,Pagado
SIN000663,POL04587,COB01,REG01,SUV,2024-01-31,2024-02-06,2024-03-04,Daños Materiales,15690.04,10141.73,Pagado
SIN000664,POL04596,COB01,REG03,Sedán,2023-07-31,2023-08-03,2023-09-15,Robo Total,164045.92,137074.07,Pagado
SIN000665,POL04606,COB01,REG03,Compacto,2023-07-23,2023-08-12,2023-09-24,Daños Materiales,29114.91,24994.44,Pagado
SIN000666,POL04606,COB01,REG03,Compacto,2023-02-02,2023-02-10,2023-06-26,Daños a Terceros,43048.92,35173.62,Pagado
SIN000667,POL04608,COB04,REG02,Compacto,2023-05-12,2023-05-21,2023-07-14,Robo Total,459347.97,381767.25,Pagado
SIN000668,POL04610,COB02,REG04,Sedán,2022-07-02,2022-08-18,2022-10-30,Robo Total,131033.77,115627.45,Pagado
SIN000669,POL04617,COB01,REG01,Sedán,2022-03-19,2022-03-21,2022-06-04,Responsabilidad Civil,27129.93,16932.21,Pagado
SIN000670,POL04626,COB01,REG01,Sedán,2024-02-06,2024-02-15,2024-03-06,Robo Total,471220.4,396594.78,Pagado
SIN000671,POL04628,COB01,REG01,Compacto,2023-01-12,2023-01-22,2023-02-06,Robo Total,392814.15,355921.33,Pagado
SIN000672,POL04633,COB01,REG01,SUV,2022-07-12,2022-07-18,2022-08-13,Responsabilidad Civil,21660.04,14730.84,Pagado
SIN000673,POL04634,COB01,REG02,Sedán,2023-10-12,2023-11-10,2024-01-25,Responsabilidad Civil,41786.52,33765.8,Pagado
SIN000674,POL04647,COB02,REG03,Compacto,2024-10-07,2024-11-04,2024-12-19,Robo Total,113979.28,96085.56,Pagado
SIN000675,POL04661,COB01,REG02,SUV,2024-02-20,2024-02-20,2024-03-18,Daños a Terceros,25530.95,22845.38,Pagado
SIN000676,POL04663,COB02,REG05,Compacto,2023-10-15,2023-11-01,2023-12-03,Robo Total,221068.34,177933.79,Pagado
SIN000677,POL04663,COB02,REG05,Compacto,2023-07-16,2023-07-21,2023-08-04,Robo Total,44114.26,37240.29,Pagado
SIN000678,POL04669,COB02,REG05,Compacto,2023-12-30,2024-01-13,,Robo Total,168642.55,0.0,Rechazado
SIN000679,POL04671,COB01,REG05,Compacto,2023-05-06,2023-06-10,2023-11-23,Daños a Terceros,8772.38,6008.15,Pagado
SIN000680,POL04672,COB01,REG03,SUV,2022-09-26,2022-10-08,2022-11-06,Daños Materiales,44481.17,26739.29,Pagado
SIN000681,POL04674,COB01,REG01,Camioneta,2024-06-28,2024-06-29,2024-07-05,Robo Total,209691.94,196302.57,Pagado
SIN000682,POL04684,COB02,REG04,Sedán,2023-12-28,2023-12-28,2024-03-10,Robo Total,94224.96,82079.33,Pagado
SIN000683,POL04705,COB01,REG02,Sedán,2023-08-01,2023-08-10,2023-08-24,Daños a Terceros,15660.0,9674.95,Pagado
SIN000684,POL04708,COB03,REG01,Pickup,2024-01-02,2024-01-13,2024-02-15,Responsabilidad Civil,48976.98,38184.0,Pagado
SIN000685,POL04724,COB02,REG02,Compacto,2022-12-02,2022-12-03,2022-12-08,Daños Materiales,30955.0,22966.08,Pagado
SIN000686,POL04730,COB01,REG01,Compacto,2022-09-13,2022-10-16,2023-01-06,Daños a Terceros,26510.13,18507.48,Pagado
SIN000687,POL04732,COB02,REG05,Sedán,2022-05-27,2022-06-13,2022-09-12,Daños Materiales,26130.05,21812.34,Pagado
SIN000688,POL04733,COB01,REG01,Compacto,2023-06-24,2023-06-28,2023-07-08,Daños Materiales,24708.43,16363.4,Pagado
SIN000689,POL04742,COB02,REG05,Sedán,2023-10-05,2023-10-06,,Daños Materiales,31270.46,0.0,Rechazado
SIN000690,POL04743,COB01,REG01,Pickup,2024-03-27,2024-04-06,,Responsabilidad Civil,32625.69,0.0,Rechazado
SIN000691,POL04750,COB02,REG01,Sedán,2022-10-09,2022-10-29,2022-11-29,Robo Total,103822.97,84788.81,Pagado
SIN000692,POL04754,COB01,REG01,Camioneta,2023-08-02,2023-08-15,2023-08-31,Robo Total,327004.14,287797.05,Pagado
SIN000693,POL04771,COB01,REG02,SUV,2023-05-20,2023-06-03,2023-07-24,Robo Total,69440.6,62758.33,Pagado
SIN000694,POL04772,COB01,REG05,Sedán,2022-12-17,2023-01-09,2023-03-08,Robo Total,112188.12,105378.27,Pagado
SIN000695,POL04773,COB01,REG04,Camioneta,2022-10-04,2022-10-16,2022-10-28,Responsabilidad Civil,55966.01,34667.63,Pagado
SIN000696,POL04775,COB01,REG03,Compacto,2023-01-30,2023-02-19,2023-05-11,Daños Materiales,48206.83,34231.07,Pagado
SIN000697,POL04779,COB01,REG03,Pickup,2024-06-02,2024-06-04,2024-06-23,Daños Materiales,75330.85,47476.82,Pagado
SIN000698,POL04783,COB02,REG02,Sedán,2023-06-08,2023-07-10,2023-08-26,Daños Materiales,26007.74,21651.82,Pagado
SIN000699,POL04785,COB01,REG03,Sedán,2023-07-01,2023-07-02,2023-07-18,Daños Materiales,28834.5,20170.57,Pagado
SIN000700,POL04787,COB01,REG03,SUV,2022-12-10,2022-12-11,2023-01-08,Daños a Terceros,21523.41,15339.96,Pagado
SIN000701,POL04797,COB03,REG01,Sedán,2022-12-04,2023-01-05,2023-02-28,Responsabilidad Civil,72779.69,57155.52,Pagado
SIN000702,POL04798,COB01,REG01,Sedán,2023-03-28,2023-03-30,2023-04-04,Responsabilidad Civil,64351.05,49339.02,Pagado
SIN000703,POL04804,COB01,REG01,Compacto,2023-09-23,2023-10-16,,Daños a Terceros,13231.23,0.0,Rechazado
SIN000704,POL04820,COB01,REG05,Camioneta,2023-05-08,2023-05-19,2023-06-07,Daños Materiales,7443.01,6109.37,Pagado
SIN000705,POL04832,COB01,REG02,Sedán,2024-05-20,2024-05-30,2024-06-13,Responsabilidad Civil,21537.19,17999.59,Pagado
SIN000706,POL04832,COB01,REG02,Sedán,2024-11-07,2024-11-24,2024-12-31,Responsabilidad Civil,58975.5,39805.59,Pagado
SIN000707,POL04849,COB03,REG02,Sedán,2023-04-12,2023-04-15,,Responsabilidad Civil,29846.46,0.0,Rechazado
SIN000708,POL04859,COB03,REG03,Compacto,2023-11-23,2023-12-09,2024-01-19,Daños a Terceros,13692.82,12009.56,Pagado
SIN000709,POL04870,COB03,REG03,Compacto,2023-08-25,2023-08-28,2023-09-27,Responsabilidad Civil,29501.06,22515.59,Pagado
SIN000710,POL04883,COB01,REG01,Pickup,2024-08-26,2024-08-26,2024-11-21,Daños Materiales,29967.82,19322.89,Pagado
SIN000711,POL04888,COB01,REG01,Sedán,2023-02-06,2023-02-09,2023-03-15,Responsabilidad Civil,44248.14,27943.16,Pagado
SIN000712,POL04889,COB01,REG02,Sedán,2022-07-13,2022-07-17,2022-07-23,Daños a Terceros,14200.62,10671.84,Pagado
SIN000713,POL04899,COB01,REG01,Sedán,2023-07-25,2023-08-01,2023-09-02,Daños Materiales,16096.97,13656.65,Pagado
SIN000714,POL04899,COB01,REG01,Sedán,2023-07-23,2023-07-30,2023-08-14,Daños Materiales,22124.34,16000.38,Pagado
SIN000715,POL04905,COB01,REG01,Camioneta,2023-12-06,2023-12-11,2023-12-26,Daños a Terceros,29299.95,24260.79,Pagado
SIN000716,POL04911,COB01,REG02,Compacto,2024-09-11,2024-09-11,2024-09-24,Daños Materiales,57339.24,40060.73,Pagado
SIN000717,POL04916,COB01,REG05,Camioneta,2022-12-01,2022-12-06,2023-01-01,Daños Materiales,21756.16,17171.3,Pagado
SIN000718,POL04924,COB04,REG01,Camioneta,2022-01-19,2022-02-13,2022-04-28,Robo Total,111398.17,92950.49,Pagado
SIN000719,POL04927,COB01,REG01,Sedán,2023-06-08,2023-06-14,2023-06-20,Daños Materiales,25563.75,20816.45,Pagado
SIN000720,POL04949,COB01,REG05,Compacto,2024-02-16,2024-02-19,2024-03-02,Robo Total,104598.78,98829.7,Pagado
SIN000721,POL04954,COB01,REG01,Sedán,2023-05-03,2023-05-25,2023-06-24,Robo Total,369537.15,337297.19,Pagado
SIN000722,POL04955,COB01,REG01,Camioneta,2022-09-29,2022-10-10,2023-01-04,Daños a Terceros,31074.21,20821.94,Pagado
SIN000723,POL04958,COB02,REG01,SUV,2023-08-11,2023-08-24,2023-09-07,Daños Materiales,81001.52,50656.33,Pagado
SIN000724,POL04963,COB02,REG03,SUV,2023-02-05,2023-03-13,2023-05-11,Daños Materiales,34016.57,24507.06,Pagado
SIN000725,POL04966,COB01,REG04,Sedán,2023-10-03,2023-10-09,2023-10-20,Daños Materiales,13199.75,8432.25,Pagado
SIN000726,POL04969,COB04,REG03,SUV,2023-10-09,2023-11-01,2024-01-05,Robo Total,79435.88,74200.03,Pagado
SIN000727,POL04978,COB02,REG01,SUV,2022-09-27,2022-10-06,2022-11-15,Robo Total,123981.65,105174.62,Pagado
SIN000728,POL04979,COB01,REG02,Camioneta,2023-05-23,2023-05-26,2023-06-04,Robo Total,285745.67,261074.58,Pagado
SIN000729,POL04992,COB02,REG05,Compacto,2023-12-28,2024-01-08,2024-01-30,Robo Total,141499.37,131778.26,Pagado
SIN000730,POL04996,COB01,REG01,Sedán,2022-09-14,2022-10-19,2022-12-29,Responsabilidad Civil,50279.04,33486.38,Pagado
